Rk,player_name,age,team,position,games_played,GS,minutes_per_game,FG,FGA,fg_pct,3P,3PA,three_pt_pct,2P,2PA,2P%,eFG%,FT,FTA,ft_pct,ORB,DRB,rebounds_per_game,assists_per_game,steals_per_game,blocks_per_game,turnovers_per_game,PF,points_per_game,Awards,Player-additional,salary_2023_24
1.0,Joel Embiid,29.0,PHI,C,39.0,39.0,33.6,11.5,21.8,0.529,1.4,3.6,0.388,10.2,18.3,0.556,0.561,10.2,11.6,0.883,2.4,8.6,11.0,5.6,1.2,1.7,3.8,2.9,34.7,AS,embiijo01,51415938
2.0,Luka Dončić,24.0,DAL,PG,70.0,70.0,37.5,11.5,23.6,0.487,4.1,10.6,0.382,7.4,13.0,0.573,0.573,6.8,8.7,0.786,0.8,8.4,9.2,9.8,1.4,0.5,4.0,2.1,33.9,MVP-3CPOY-6ASNBA1,doncilu01,43031940
3.0,Giannis Antetokounmpo,29.0,MIL,PF,73.0,73.0,35.2,11.5,18.8,0.611,0.5,1.7,0.274,11.0,17.1,0.645,0.624,7.0,10.7,0.657,2.7,8.8,11.5,6.5,1.2,1.1,3.4,2.9,30.4,MVP-4DPOY-9CPOY-12ASNBA1,antetgi01,48787676
4.0,Shai Gilgeous-Alexander,25.0,OKC,PG,75.0,75.0,34.0,10.6,19.8,0.535,1.3,3.6,0.353,9.3,16.2,0.576,0.567,7.6,8.7,0.874,0.9,4.7,5.5,6.2,2.0,0.9,2.2,2.5,30.1,MVP-2DPOY-7CPOY-3ASNBA1,gilgesh01,35859950
5.0,Jalen Brunson,27.0,NYK,PG,77.0,77.0,35.4,10.3,21.4,0.479,2.7,6.8,0.401,7.5,14.6,0.516,0.543,5.5,6.5,0.847,0.6,3.1,3.6,6.7,0.9,0.2,2.4,1.9,28.7,MVP-5CPOY-5ASNBA2,brunsja01,24960001
6.0,Devin Booker,27.0,PHO,PG,68.0,68.0,36.0,9.4,19.2,0.492,2.2,6.1,0.364,7.2,13.0,0.552,0.55,6.0,6.7,0.886,0.8,3.7,4.5,6.9,0.9,0.4,2.6,3.0,27.1,ASNBA3,bookede01,49205800
7.0,Kevin Durant,35.0,PHO,PF,75.0,75.0,37.2,10.0,19.1,0.523,2.2,5.4,0.413,7.8,13.7,0.567,0.581,4.8,5.6,0.856,0.5,6.1,6.6,5.0,0.9,1.2,3.3,1.8,27.1,MVP-9ASNBA2,duranke01,51179021
8.0,Jayson Tatum,25.0,BOS,PF,74.0,74.0,35.7,9.1,19.3,0.471,3.1,8.2,0.376,6.0,11.0,0.542,0.552,5.6,6.7,0.833,0.9,7.2,8.1,4.9,1.0,0.6,2.5,2.0,26.9,MVP-6CPOY-9ASNBA1,tatumja01,34848340
9.0,De'Aaron Fox,26.0,SAC,PG,74.0,74.0,35.9,9.7,20.9,0.465,2.9,7.8,0.369,6.8,13.1,0.522,0.534,4.2,5.7,0.738,0.9,3.7,4.6,5.6,2.0,0.4,2.6,2.6,26.6,CPOY-12,foxde01,34848340
10.0,Donovan Mitchell,27.0,CLE,SG,55.0,55.0,35.3,9.1,19.8,0.462,3.3,9.0,0.368,5.8,10.8,0.539,0.545,5.0,5.8,0.865,0.8,4.3,5.1,6.1,1.8,0.5,2.8,2.1,26.6,AS,mitchdo01,35410310
11.0,Stephen Curry,35.0,GSW,PG,74.0,74.0,32.7,8.8,19.5,0.45,4.8,11.8,0.408,4.0,7.7,0.515,0.573,4.0,4.4,0.923,0.5,4.0,4.5,5.1,0.7,0.4,2.8,1.6,26.4,CPOY-1ASNBA3,curryst01,55761216
12.0,Nikola Jokić,28.0,DEN,C,79.0,79.0,34.6,10.4,17.9,0.583,1.1,2.9,0.359,9.4,14.9,0.626,0.612,4.5,5.5,0.817,2.8,9.5,12.4,9.0,1.4,0.9,3.0,2.5,26.4,MVP-1CPOY-4ASNBA1,jokicni01,51415938
13.0,Anthony Edwards,22.0,MIN,SG,79.0,78.0,35.1,9.1,19.7,0.461,2.4,6.7,0.357,6.7,13.0,0.515,0.522,5.4,6.4,0.836,0.7,4.8,5.4,5.1,1.3,0.5,3.1,1.8,25.9,MVP-7CPOY-8ASNBA2,edwaran01,42176400
14.0,Tyrese Maxey,23.0,PHI,PG,70.0,70.0,37.5,9.1,20.3,0.45,3.0,8.1,0.373,6.1,12.1,0.501,0.524,4.7,5.4,0.868,0.5,3.2,3.7,6.2,1.0,0.5,1.7,2.2,25.9,MIP-1AS,maxeyty01,35147000
15.0,LeBron James,39.0,LAL,PF,71.0,71.0,35.3,9.6,17.9,0.54,2.1,5.1,0.41,7.5,12.8,0.592,0.599,4.3,5.7,0.75,0.9,6.4,7.3,8.3,1.3,0.5,3.5,1.1,25.7,CPOY-10ASNBA3,jamesle01,48728845
16.0,Trae Young,25.0,ATL,PG,54.0,54.0,36.0,8.0,18.7,0.43,3.2,8.7,0.373,4.8,10.0,0.479,0.516,6.4,7.5,0.855,0.4,2.3,2.8,10.8,1.3,0.2,4.4,2.0,25.7,AS,youngtr01,43031940
17.0,Kyrie Irving,31.0,DAL,SG,58.0,58.0,35.0,9.7,19.5,0.497,3.0,7.3,0.411,6.7,12.2,0.548,0.573,3.3,3.6,0.905,0.8,4.2,5.0,5.2,1.3,0.5,1.8,1.9,25.6,CPOY-7,irvinky01,40000000
19.0,Anthony Davis,30.0,LAL,C,76.0,76.0,35.5,9.4,16.9,0.556,0.4,1.4,0.271,9.0,15.5,0.582,0.567,5.5,6.8,0.816,3.1,9.5,12.6,3.5,1.2,2.3,2.1,2.3,24.7,DPOY-4ASNBA2DEF1,davisan02,43219440
20.0,Damian Lillard,33.0,MIL,PG,73.0,73.0,35.3,7.4,17.5,0.424,3.0,8.5,0.354,4.4,9.0,0.49,0.51,6.5,7.0,0.92,0.5,3.9,4.4,7.0,1.0,0.2,2.6,1.8,24.3,CPOY-11AS,lillada01,48787676
21.0,DeMar DeRozan,34.0,CHI,SF,79.0,79.0,37.8,8.2,17.2,0.48,0.9,2.8,0.333,7.3,14.3,0.509,0.507,6.6,7.7,0.853,0.5,3.8,4.3,5.3,1.1,0.6,1.7,2.0,24.0,CPOY-2,derozde01,23400000
22.0,Julius Randle,29.0,NYK,PF,46.0,46.0,35.4,8.6,18.2,0.472,1.7,5.3,0.311,6.9,12.9,0.539,0.518,5.1,6.6,0.781,2.2,7.0,9.2,5.0,0.5,0.3,3.5,2.7,24.0,AS,randlju01,33073920
23.0,LaMelo Ball,22.0,CHO,PG,22.0,22.0,32.3,8.3,19.2,0.433,3.2,9.0,0.355,5.1,10.3,0.5,0.515,4.1,4.7,0.865,1.3,3.8,5.1,8.0,1.8,0.2,3.8,3.6,23.9,,ballla01,35147000
24.0,Desmond Bane,25.0,MEM,SG,42.0,42.0,34.4,8.6,18.5,0.464,3.3,8.6,0.381,5.3,9.9,0.536,0.552,3.3,3.8,0.87,0.9,3.5,4.4,5.5,1.0,0.5,2.7,2.9,23.7,,banede01,34005250
25.0,Kawhi Leonard,32.0,LAC,SF,68.0,68.0,34.3,9.0,17.1,0.525,2.1,4.9,0.417,6.9,12.1,0.569,0.585,3.7,4.2,0.885,1.2,4.9,6.1,3.6,1.6,0.9,1.8,1.4,23.7,ASNBA2,leonaka01,49205800
26.0,Lauri Markkanen,26.0,UTA,PF,55.0,55.0,33.1,7.8,16.2,0.48,3.2,8.0,0.399,4.6,8.2,0.559,0.578,4.5,5.0,0.899,2.2,5.9,8.2,2.0,0.9,0.5,1.4,1.8,23.2,,markkla01,42176400
27.0,Jaylen Brown,27.0,BOS,SF,70.0,70.0,33.5,9.0,17.9,0.499,2.1,5.9,0.354,6.9,12.1,0.57,0.557,3.0,4.3,0.703,1.2,4.3,5.5,3.6,1.2,0.5,2.4,2.6,23.0,AS,brownja02,49205800
28.0,Zion Williamson,23.0,NOP,PF,70.0,70.0,31.5,8.9,15.6,0.57,0.1,0.3,0.333,8.8,15.4,0.574,0.573,5.0,7.1,0.702,1.7,4.1,5.8,5.0,1.1,0.7,2.8,2.3,22.9,,willizi01,36725670
29.0,Cade Cunningham,22.0,DET,PG,62.0,62.0,33.5,8.5,18.8,0.449,1.9,5.4,0.355,6.5,13.4,0.487,0.5,3.8,4.4,0.869,0.5,3.8,4.3,7.5,0.9,0.4,3.4,2.5,22.7,,cunnica01,13940809
30.0,Paolo Banchero,21.0,ORL,PF,80.0,80.0,35.0,8.0,17.6,0.455,1.5,4.4,0.339,6.5,13.2,0.493,0.497,5.1,7.0,0.725,1.0,5.9,6.9,5.4,0.9,0.6,3.1,1.9,22.6,AS,banchpa01,12160800
31.0,Paul George,33.0,LAC,PF,74.0,74.0,33.8,7.9,16.7,0.471,3.3,7.9,0.413,4.6,8.8,0.523,0.569,3.6,3.9,0.907,0.5,4.7,5.2,3.5,1.5,0.5,2.1,2.7,22.6,AS,georgpa01,49205800
32.0,Anfernee Simons,24.0,POR,SG,46.0,46.0,34.4,7.8,18.2,0.43,3.4,8.8,0.385,4.4,9.4,0.472,0.523,3.5,3.9,0.916,0.5,3.2,3.6,5.5,0.5,0.1,2.7,2.1,22.6,,simonan01,25892857
33.0,Jaren Jackson Jr.,24.0,MEM,C,66.0,66.0,32.2,7.8,17.6,0.444,1.8,5.5,0.32,6.0,12.1,0.501,0.494,5.1,6.3,0.808,1.3,4.2,5.5,2.3,1.2,1.6,2.4,3.6,22.5,,jacksja02,25257798
34.0,Dejounte Murray,27.0,ATL,SG,78.0,78.0,35.7,8.6,18.8,0.459,2.6,7.1,0.363,6.0,11.7,0.518,0.528,2.7,3.4,0.794,0.8,4.5,5.3,6.4,1.4,0.3,2.6,1.8,22.5,,murrade01,28817135
36.0,Kyle Kuzma,28.0,WAS,PF,70.0,70.0,32.6,8.7,18.8,0.463,2.2,6.4,0.336,6.5,12.3,0.53,0.521,2.7,3.4,0.775,0.9,5.7,6.6,4.2,0.5,0.7,2.7,2.2,22.2,,kuzmaky01,24456060
37.0,Karl-Anthony Towns,28.0,MIN,PF,62.0,62.0,32.7,7.7,15.3,0.504,2.2,5.3,0.416,5.5,10.1,0.55,0.575,4.1,4.7,0.873,1.5,6.8,8.3,3.0,0.7,0.7,2.9,3.3,21.8,AS,townska01,49205800
38.0,Pascal Siakam,29.0,2TM,PF,80.0,80.0,33.2,8.5,15.9,0.536,1.1,3.1,0.346,7.5,12.8,0.581,0.569,3.6,5.0,0.732,1.7,5.3,7.1,4.3,0.8,0.3,1.8,2.4,21.7,,siakapa01,42176400
39.0,Victor Wembanyama,20.0,SAS,C,71.0,71.0,29.7,7.8,16.7,0.465,1.8,5.5,0.325,6.0,11.2,0.534,0.519,4.1,5.2,0.796,2.3,8.4,10.6,3.9,1.2,3.6,3.7,2.2,21.4,ROY-1DPOY-2DEF1,wembavi01,12768960
40.0,Jamal Murray,26.0,DEN,PG,59.0,59.0,31.5,8.0,16.7,0.481,2.5,5.8,0.425,5.6,10.9,0.51,0.554,2.7,3.1,0.853,0.7,3.4,4.1,6.5,1.0,0.7,2.1,1.8,21.2,,murraja01,36016200
41.0,Alperen Şengün,21.0,HOU,C,63.0,63.0,32.5,8.4,15.6,0.537,0.5,1.8,0.297,7.8,13.8,0.567,0.553,3.9,5.6,0.693,2.9,6.4,9.3,5.0,1.2,0.7,2.6,3.3,21.1,,sengual01,5424654
42.0,Miles Bridges,25.0,CHO,SF,69.0,67.0,37.4,8.1,17.5,0.462,2.3,6.5,0.349,5.8,11.0,0.529,0.527,2.5,3.1,0.825,1.0,6.3,7.3,3.3,0.9,0.5,2.0,1.7,21.0,,bridgmi02,27173913
43.0,Jerami Grant,29.0,POR,PF,54.0,54.0,33.9,7.1,15.7,0.451,2.1,5.1,0.402,5.0,10.6,0.474,0.516,4.7,5.8,0.817,0.7,2.9,3.5,2.8,0.8,0.6,2.1,2.2,21.0,,grantje01,29793104
44.0,Jimmy Butler,34.0,MIA,PF,60.0,60.0,34.0,6.6,13.2,0.499,1.0,2.4,0.414,5.6,10.8,0.519,0.537,6.6,7.7,0.858,1.8,3.6,5.3,5.0,1.3,0.3,1.7,1.1,20.8,,butleji01,48798677
45.0,Tyler Herro,24.0,MIA,SG,42.0,40.0,33.5,7.7,17.5,0.441,3.1,7.9,0.396,4.6,9.6,0.478,0.531,2.3,2.6,0.856,0.5,4.8,5.3,4.5,0.7,0.1,2.2,1.5,20.8,,herroty01,29000000
46.0,Brandon Ingram,26.0,NOP,SF,64.0,64.0,32.9,7.8,15.9,0.492,1.3,3.8,0.355,6.5,12.1,0.534,0.534,3.8,4.8,0.801,0.7,4.4,5.1,5.7,0.8,0.6,2.5,2.3,20.8,,ingrabr01,36016200
47.0,RJ Barrett,23.0,2TM,SG,58.0,58.0,31.7,7.5,15.2,0.495,1.6,4.3,0.36,6.0,10.9,0.549,0.547,3.6,5.0,0.715,0.9,4.5,5.4,3.3,0.5,0.4,2.2,2.2,20.2,,barrerj01,25794643
48.0,Tyrese Haliburton,23.0,IND,PG,69.0,68.0,32.2,7.2,15.2,0.477,2.8,7.8,0.364,4.4,7.4,0.595,0.57,2.8,3.3,0.855,0.5,3.4,3.9,10.9,1.2,0.7,2.3,1.1,20.1,ASNBA3,halibty01,42176400
49.0,Kristaps Porziņģis,28.0,BOS,C,57.0,57.0,29.6,6.8,13.2,0.516,1.9,5.1,0.375,4.9,8.1,0.606,0.589,4.5,5.3,0.858,1.7,5.5,7.2,2.0,0.7,1.9,1.6,2.7,20.1,,porzikr01,29268293
50.0,CJ McCollum,32.0,NOP,PG,66.0,66.0,32.7,7.3,16.0,0.459,3.6,8.4,0.429,3.7,7.5,0.492,0.572,1.7,2.1,0.827,0.6,3.7,4.3,4.6,0.9,0.6,1.7,1.9,20.0,,mccolcj01,33333333
51.0,Scottie Barnes,22.0,TOR,SG,60.0,60.0,34.9,7.5,15.7,0.475,1.7,4.9,0.341,5.8,10.8,0.536,0.528,3.3,4.2,0.781,2.4,5.9,8.2,6.1,1.3,1.5,2.8,2.0,19.9,AS,barnesc01,10130980
52.0,Terry Rozier,29.0,2TM,SG,61.0,60.0,33.4,7.2,16.4,0.443,2.4,6.7,0.363,4.8,9.6,0.498,0.518,2.8,3.2,0.869,0.6,3.5,4.0,5.6,1.0,0.3,1.7,1.7,19.8,,roziete01,24924126
53.0,Franz Wagner,22.0,ORL,SF,72.0,72.0,32.5,7.3,15.2,0.482,1.3,4.6,0.281,6.0,10.6,0.57,0.525,3.8,4.4,0.85,1.0,4.3,5.3,3.7,1.1,0.4,1.9,2.3,19.7,,wagnefr01,7007092
54.0,Mikal Bridges,27.0,BRK,SF,82.0,82.0,34.8,6.9,15.8,0.436,2.7,7.2,0.372,4.2,8.6,0.49,0.521,3.1,3.9,0.814,0.8,3.7,4.5,3.6,1.0,0.4,2.0,1.4,19.6,,bridgmi01,23300000
55.0,Jalen Green,21.0,HOU,SG,82.0,82.0,31.7,6.9,16.2,0.423,2.5,7.4,0.332,4.4,8.9,0.498,0.498,3.5,4.3,0.804,0.5,4.7,5.2,3.5,0.8,0.3,2.3,1.4,19.6,,greenja05,12483048
56.0,Zach LaVine,28.0,CHI,SG,25.0,23.0,34.9,6.8,15.0,0.452,2.4,6.8,0.349,4.4,8.3,0.536,0.531,3.5,4.1,0.854,0.3,4.8,5.2,3.9,0.8,0.3,2.1,2.3,19.5,,lavinza01,44531940
57.0,Devin Vassell,23.0,SAS,SG,68.0,62.0,33.1,7.3,15.5,0.472,2.4,6.6,0.372,4.9,9.0,0.544,0.55,2.4,3.0,0.801,0.4,3.4,3.8,4.1,1.1,0.3,1.6,1.1,19.5,,vassede01,29347826
58.0,Domantas Sabonis,27.0,SAC,C,82.0,82.0,35.7,7.7,13.0,0.594,0.4,1.1,0.379,7.3,12.0,0.613,0.609,3.6,5.1,0.704,3.6,10.1,13.7,8.2,0.9,0.6,3.3,3.0,19.4,MVP-8DPOY-10NBA3,sabondo01,39200000
59.0,Bam Adebayo,26.0,MIA,C,71.0,71.0,34.0,7.5,14.3,0.521,0.2,0.6,0.357,7.3,13.7,0.528,0.529,4.1,5.5,0.755,2.2,8.1,10.4,3.9,1.1,0.9,2.3,2.2,19.3,DPOY-3ASDEF1,adebaba01,34848340
60.0,Coby White,23.0,CHI,PG,79.0,78.0,36.5,6.8,15.3,0.447,2.6,7.0,0.376,4.2,8.3,0.508,0.534,2.8,3.3,0.838,0.6,4.0,4.5,5.1,0.7,0.2,2.1,2.4,19.1,,whiteco01,12000000
61.0,Jalen Williams,22.0,OKC,PF,71.0,71.0,31.3,7.5,14.0,0.54,1.5,3.4,0.427,6.1,10.6,0.576,0.592,2.5,3.1,0.814,0.5,3.5,4.0,4.5,1.1,0.6,1.7,2.5,19.1,CPOY-12,willija06,4775760
62.0,Collin Sexton,25.0,UTA,SG,78.0,51.0,26.6,6.5,13.3,0.487,1.6,4.2,0.394,4.8,9.1,0.53,0.549,4.1,4.7,0.859,0.9,1.7,2.6,4.9,0.8,0.2,2.1,2.0,18.7,,sextoco01,18150000
63.0,Bradley Beal,30.0,PHO,SG,53.0,53.0,33.3,7.1,13.9,0.513,1.9,4.4,0.43,5.2,9.4,0.552,0.582,2.1,2.5,0.813,1.0,3.4,4.4,5.0,1.0,0.5,2.5,2.4,18.2,,bealbr01,50203930
64.0,Darius Garland,24.0,CLE,PG,57.0,57.0,33.4,6.6,14.8,0.446,2.3,6.2,0.371,4.3,8.5,0.501,0.524,2.6,3.1,0.834,0.5,2.1,2.7,6.5,1.3,0.1,3.1,1.7,18.0,,garlada01,36725670
65.0,D'Angelo Russell,27.0,LAL,PG,76.0,69.0,32.7,6.5,14.2,0.456,3.0,7.2,0.415,3.5,7.0,0.497,0.56,2.1,2.5,0.828,0.4,2.7,3.1,6.3,0.9,0.5,2.1,2.1,18.0,,russeda01,18692307
66.0,Nikola Vučević,33.0,CHI,C,76.0,74.0,34.3,7.7,15.9,0.484,1.2,4.1,0.294,6.5,11.8,0.55,0.522,1.4,1.7,0.822,2.8,7.8,10.5,3.3,0.7,0.8,1.6,2.5,18.0,,vucevni01,20000000
67.0,Klay Thompson,33.0,GSW,SF,77.0,63.0,29.7,6.4,14.7,0.432,3.5,9.0,0.387,2.9,5.7,0.503,0.551,1.6,1.8,0.927,0.5,2.8,3.3,2.3,0.6,0.5,1.5,1.6,17.9,,thompkl01,15873016
68.0,Jordan Poole,24.0,WAS,SG,78.0,66.0,30.1,6.3,15.2,0.413,2.4,7.2,0.326,3.9,8.0,0.492,0.491,2.5,2.8,0.877,0.4,2.3,2.7,4.4,1.1,0.3,2.4,3.1,17.4,,poolejo01,29651786
69.0,Fred VanVleet,29.0,HOU,PG,73.0,73.0,36.8,5.8,13.9,0.416,3.1,8.0,0.387,2.7,5.9,0.454,0.527,2.7,3.1,0.86,0.5,3.4,3.8,8.1,1.4,0.8,1.7,2.5,17.4,,vanvlfr01,42846615
70.0,Brandon Miller,21.0,CHO,SF,74.0,68.0,32.2,6.4,14.6,0.44,2.5,6.7,0.373,3.9,8.0,0.495,0.524,1.9,2.3,0.827,0.8,3.4,4.3,2.4,0.9,0.6,1.8,2.5,17.3,ROY-3,millebr02,11424600
71.0,Tobias Harris,31.0,PHI,PF,70.0,70.0,33.8,6.6,13.6,0.487,1.3,3.7,0.353,5.3,9.9,0.537,0.535,2.7,3.0,0.878,1.1,5.3,6.5,3.1,1.0,0.7,1.3,1.6,17.2,,harrito02,25365854
72.0,Jordan Clarkson,31.0,UTA,SG,55.0,19.0,30.6,6.1,14.8,0.413,1.7,5.6,0.294,4.5,9.2,0.485,0.469,3.2,3.7,0.881,0.9,2.5,3.4,5.0,0.6,0.1,2.7,1.5,17.1,,clarkjo01,14092577
73.0,Myles Turner,27.0,IND,C,77.0,77.0,27.0,6.2,11.8,0.524,1.5,4.2,0.358,4.7,7.6,0.615,0.587,3.2,4.1,0.773,1.5,5.5,6.9,1.3,0.5,1.9,1.4,3.0,17.1,,turnemy01,19928500
74.0,Immanuel Quickley,24.0,2TM,SG,68.0,38.0,29.2,5.7,13.1,0.434,2.5,6.4,0.395,3.2,6.8,0.471,0.53,3.1,3.6,0.853,0.3,3.6,3.8,4.9,0.7,0.1,1.5,1.8,17.0,,quickim01,32500000
75.0,Bogdan Bogdanović,31.0,ATL,SG,79.0,33.0,30.4,6.0,13.9,0.428,3.0,8.1,0.374,2.9,5.8,0.503,0.537,1.9,2.1,0.921,0.7,2.8,3.4,3.1,1.2,0.3,1.4,2.3,16.9,6MOY-5,bogdabo01,17260000
76.0,Deandre Ayton,25.0,POR,C,55.0,55.0,32.4,7.8,13.6,0.57,0.0,0.2,0.1,7.7,13.4,0.576,0.571,1.2,1.4,0.823,3.2,7.9,11.1,1.6,1.0,0.8,1.8,2.0,16.7,,aytonde01,34005126
77.0,Michael Porter Jr.,25.0,DEN,SF,81.0,81.0,31.7,6.4,13.3,0.484,2.7,6.8,0.397,3.7,6.5,0.575,0.586,1.1,1.4,0.836,1.3,5.7,7.0,1.5,0.5,0.7,1.1,1.8,16.7,,portemi01,35859950
78.0,James Harden,34.0,LAC,PG,72.0,72.0,34.3,4.9,11.4,0.428,2.6,6.8,0.381,2.3,4.6,0.497,0.541,4.2,4.8,0.878,0.5,4.7,5.1,8.5,1.1,0.8,2.6,1.8,16.6,,hardeja01,33653846
79.0,Jarrett Allen,25.0,CLE,C,77.0,77.0,31.7,6.7,10.6,0.634,0.0,0.1,0.0,6.7,10.6,0.638,0.634,3.0,4.1,0.742,3.2,7.4,10.5,2.7,0.7,1.1,1.6,1.9,16.5,DPOY-10,allenja01,20000000
80.0,Chet Holmgren,21.0,OKC,C,82.0,82.0,29.4,6.2,11.6,0.53,1.6,4.3,0.37,4.6,7.4,0.623,0.598,2.7,3.4,0.793,1.6,6.3,7.9,2.4,0.6,2.3,1.6,2.4,16.5,ROY-2,holmgch01,10880640
81.0,Jonathan Kuminga,21.0,GSW,PF,74.0,46.0,26.3,6.2,11.6,0.529,0.7,2.2,0.321,5.4,9.4,0.578,0.56,3.0,4.0,0.746,1.2,3.6,4.8,2.2,0.7,0.5,1.6,2.3,16.1,,kuminjo01,7636307
82.0,Jalen Johnson,22.0,ATL,SF,56.0,52.0,33.7,6.4,12.5,0.511,1.3,3.6,0.355,5.1,9.0,0.574,0.562,1.9,2.6,0.728,1.3,7.4,8.7,3.6,1.2,0.8,1.8,2.4,16.0,,johnsja05,4510905
83.0,Austin Reaves,25.0,LAL,SG,82.0,57.0,32.1,5.6,11.5,0.486,1.9,5.1,0.367,3.7,6.3,0.583,0.568,2.8,3.3,0.853,0.7,3.6,4.3,5.5,0.8,0.3,2.1,1.9,15.9,,reaveau01,12976362
84.0,Shaedon Sharpe,20.0,POR,SG,32.0,25.0,33.1,5.5,13.6,0.406,1.9,5.6,0.333,3.6,7.9,0.457,0.475,3.1,3.7,0.824,1.3,3.7,5.0,2.9,0.9,0.4,2.3,2.8,15.9,,sharpsh01,6614160
85.0,Malcolm Brogdon,31.0,POR,PG,39.0,25.0,28.7,5.6,12.7,0.44,2.1,5.1,0.412,3.5,7.6,0.458,0.522,2.4,3.0,0.819,0.7,3.1,3.8,5.5,0.7,0.2,1.5,1.5,15.7,,brogdma01,22500000
86.0,Keldon Johnson,24.0,SAS,SF,69.0,27.0,29.5,5.7,12.5,0.454,1.8,5.3,0.346,3.8,7.2,0.533,0.527,2.5,3.2,0.792,1.4,4.1,5.5,2.8,0.7,0.3,1.4,2.2,15.7,,johnske04,19000000
87.0,Evan Mobley,22.0,CLE,PF,50.0,50.0,30.6,6.4,11.0,0.58,0.4,1.2,0.373,6.0,9.9,0.604,0.6,2.5,3.4,0.719,2.2,7.1,9.4,3.2,0.9,1.4,1.8,2.7,15.7,,mobleev01,11227657
88.0,De'Andre Hunter,26.0,ATL,SF,57.0,37.0,29.5,5.3,11.6,0.459,2.1,5.3,0.385,3.3,6.3,0.521,0.547,2.9,3.4,0.847,0.5,3.4,3.9,1.5,0.7,0.3,1.5,2.6,15.6,,huntede01,21696429
89.0,Donte DiVincenzo,27.0,NYK,SG,81.0,63.0,29.1,5.5,12.4,0.443,3.5,8.7,0.401,2.0,3.7,0.542,0.584,1.1,1.4,0.754,0.8,2.9,3.7,2.7,1.3,0.4,1.4,2.0,15.5,,divindo01,11445000
90.0,Jaden Ivey,21.0,DET,SG,77.0,61.0,28.8,5.4,12.6,0.429,1.6,4.8,0.336,3.8,7.8,0.485,0.492,2.9,3.9,0.749,1.1,2.3,3.4,3.8,0.7,0.5,2.5,2.6,15.4,,iveyja01,7977240
91.0,Malik Monk,25.0,SAC,SG,72.0,0.0,26.0,5.5,12.4,0.443,2.1,5.9,0.35,3.4,6.5,0.528,0.526,2.4,2.8,0.829,0.4,2.6,2.9,5.1,0.6,0.5,2.1,2.2,15.4,CPOY-126MOY-2,monkma01,17405203
92.0,Kelly Oubre Jr.,28.0,PHI,SF,68.0,52.0,30.2,5.7,12.9,0.441,1.5,4.8,0.311,4.2,8.1,0.517,0.498,2.6,3.4,0.75,1.4,3.6,5.0,1.5,1.1,0.7,1.3,2.9,15.4,,oubreke01,7983000
94.0,Keegan Murray,23.0,SAC,SF,77.0,77.0,33.6,5.8,12.7,0.454,2.4,6.6,0.358,3.4,6.0,0.56,0.548,1.3,1.6,0.831,1.4,4.1,5.5,1.7,1.0,0.8,0.8,2.7,15.2,,murrake02,8809560
95.0,Derrick White,29.0,BOS,SG,73.0,73.0,32.6,5.3,11.5,0.461,2.7,6.8,0.396,2.6,4.7,0.555,0.578,1.9,2.1,0.901,0.7,3.5,4.2,5.2,1.0,1.2,1.5,2.1,15.2,DPOY-8DEF2,whitede01,19821429
96.0,John Collins,26.0,UTA,PF,68.0,66.0,28.0,5.8,11.0,0.532,1.3,3.4,0.371,4.6,7.6,0.605,0.59,2.2,2.7,0.795,2.3,6.1,8.5,1.1,0.6,0.9,1.4,2.8,15.1,,collijo01,26580000
97.0,Khris Middleton,32.0,MIL,SF,55.0,55.0,27.0,5.8,11.7,0.493,1.7,4.5,0.381,4.1,7.2,0.563,0.566,1.8,2.2,0.833,0.7,3.9,4.7,5.3,0.9,0.3,2.3,2.6,15.1,,middlkh01,31000000
98.0,Trey Murphy III,23.0,NOP,SF,57.0,23.0,29.6,4.8,10.9,0.443,3.0,7.8,0.38,1.9,3.1,0.602,0.579,2.2,2.6,0.815,0.7,4.2,4.9,2.2,0.9,0.5,0.6,1.2,14.8,,murphtr02,5159855
99.0,OG Anunoby,26.0,2TM,SF,50.0,50.0,34.0,5.6,11.5,0.489,2.0,5.3,0.382,3.6,6.2,0.581,0.577,1.3,1.8,0.753,0.9,3.2,4.2,2.1,1.4,0.7,1.6,2.4,14.7,,anunoog01,36637932
100.0,Deni Avdija,23.0,WAS,SF,75.0,75.0,30.1,5.4,10.7,0.506,1.2,3.1,0.374,4.2,7.6,0.56,0.56,2.7,3.6,0.74,1.1,6.1,7.2,3.8,0.8,0.5,2.1,2.5,14.7,,avdijde01,15625000
101.0,GG Jackson II,19.0,MEM,PF,48.0,18.0,25.7,5.0,11.7,0.428,2.1,6.0,0.357,2.9,5.8,0.502,0.519,2.4,3.2,0.752,1.1,3.0,4.1,1.2,0.6,0.5,1.4,1.3,14.6,,jacksgg01,1891857
102.0,Bennedict Mathurin,21.0,IND,SF,59.0,19.0,26.1,5.0,11.2,0.446,1.4,3.6,0.374,3.7,7.6,0.481,0.507,3.1,3.8,0.821,1.0,2.9,4.0,2.0,0.6,0.2,1.6,2.0,14.5,,mathube01,7245720
103.0,Marcus Smart,29.0,MEM,PG,20.0,20.0,30.3,5.1,11.9,0.43,2.1,6.7,0.313,3.0,5.2,0.583,0.519,2.2,2.8,0.768,0.3,2.4,2.7,4.3,2.1,0.3,3.1,2.7,14.5,,smartma01,20210285
104.0,Tim Hardaway Jr.,31.0,DAL,SF,79.0,12.0,26.8,5.0,12.4,0.402,2.7,7.6,0.353,2.3,4.8,0.478,0.51,1.8,2.1,0.852,0.3,2.9,3.2,1.8,0.5,0.1,0.9,1.3,14.4,6MOY-9,hardati02,16193183
105.0,Dennis Schröder,30.0,2TM,PG,80.0,58.0,31.1,5.0,11.6,0.435,1.7,4.6,0.375,3.3,7.0,0.474,0.509,2.2,2.7,0.836,0.5,2.5,3.0,6.1,0.8,0.2,1.9,2.1,14.0,,schrode01,13025250
106.0,Rudy Gobert,31.0,MIN,C,76.0,76.0,34.1,5.3,8.1,0.661,0.0,0.0,0.0,5.3,8.0,0.664,0.661,3.3,5.1,0.638,3.8,9.2,12.9,1.3,0.7,2.1,1.6,3.1,14.0,DPOY-1DEF1,goberru01,43827586
107.0,Scoot Henderson,19.0,POR,PG,62.0,32.0,28.5,5.0,12.9,0.385,1.4,4.3,0.325,3.5,8.5,0.416,0.44,2.7,3.3,0.819,0.9,2.3,3.1,5.4,0.8,0.2,3.4,3.1,14.0,,hendesc01,10259160
108.0,Caris LeVert,29.0,CLE,SG,68.0,10.0,28.8,5.1,12.1,0.421,1.6,4.9,0.325,3.5,7.2,0.486,0.487,2.3,3.0,0.766,0.6,3.5,4.1,5.1,1.1,0.5,1.7,1.8,14.0,,leverca01,16615384
109.0,Aaron Gordon,28.0,DEN,PF,73.0,73.0,31.5,5.5,9.8,0.556,0.5,1.9,0.29,4.9,7.9,0.619,0.584,2.4,3.7,0.658,2.4,4.1,6.5,3.5,0.8,0.6,1.4,1.9,13.9,,gordoaa01,22841455
110.0,Norman Powell,30.0,LAC,SG,76.0,3.0,26.2,4.9,10.1,0.486,2.2,5.1,0.435,2.7,5.1,0.536,0.594,1.9,2.3,0.831,0.2,2.4,2.6,1.1,0.6,0.3,0.9,1.8,13.9,6MOY-4,powelno01,19241379
111.0,Jalen Duren,20.0,DET,C,61.0,60.0,29.1,5.7,9.2,0.619,0.0,0.1,0.0,5.7,9.2,0.623,0.619,2.3,3.0,0.79,3.1,8.5,11.6,2.4,0.5,0.8,2.1,3.1,13.8,,durenja01,4536840
112.0,Bobby Portis,28.0,MIL,PF,82.0,4.0,24.5,5.7,11.2,0.508,1.2,3.0,0.407,4.5,8.2,0.545,0.562,1.2,1.5,0.79,1.7,5.7,7.4,1.3,0.8,0.4,1.1,2.3,13.8,6MOY-3,portibo01,12578286
113.0,Saddiq Bey,24.0,ATL,SF,63.0,51.0,32.7,4.6,11.1,0.416,1.8,5.7,0.316,2.8,5.4,0.522,0.497,2.7,3.2,0.837,2.7,3.9,6.5,1.5,0.8,0.2,0.9,1.4,13.7,,beysa01,6440678
114.0,Jabari Smith Jr.,20.0,HOU,PF,76.0,76.0,31.9,5.0,11.0,0.454,1.8,5.0,0.363,3.2,6.0,0.53,0.537,2.0,2.4,0.811,1.8,6.3,8.1,1.6,0.7,0.8,1.2,2.6,13.7,,smithja05,9770880
115.0,Gary Trent Jr.,25.0,TOR,SG,71.0,41.0,28.1,5.1,11.9,0.426,2.5,6.4,0.393,2.6,5.5,0.464,0.531,1.0,1.4,0.771,0.4,2.3,2.6,1.7,1.1,0.1,0.7,1.4,13.7,,trentga02,2087519
116.0,Rui Hachimura,25.0,LAL,PF,68.0,39.0,26.9,5.3,9.9,0.537,1.4,3.4,0.422,3.9,6.5,0.597,0.609,1.5,2.0,0.739,0.9,3.5,4.3,1.2,0.6,0.4,0.7,1.5,13.6,,hachiru01,17000000
117.0,Grayson Allen,28.0,PHO,SG,75.0,74.0,33.5,4.5,9.1,0.499,2.7,5.9,0.461,1.8,3.2,0.57,0.649,1.7,2.0,0.878,0.6,3.3,3.9,3.0,0.9,0.6,1.3,2.1,13.5,,allengr01,15625000
118.0,Naz Reid,24.0,MIN,PF,81.0,14.0,24.2,5.0,10.5,0.477,2.1,5.0,0.414,2.9,5.5,0.535,0.576,1.3,1.8,0.736,0.9,4.3,5.2,1.3,0.8,0.9,1.4,2.1,13.5,6MOY-1,reidna01,13986432
119.0,Cameron Johnson,27.0,BRK,PF,58.0,47.0,27.6,4.8,10.7,0.446,2.4,6.1,0.391,2.4,4.6,0.519,0.557,1.5,1.9,0.789,0.9,3.4,4.3,2.4,0.8,0.3,1.0,1.8,13.4,,johnsca02,23062500
120.0,Corey Kispert,24.0,WAS,SF,80.0,22.0,25.8,4.8,9.9,0.486,2.3,6.0,0.383,2.5,3.9,0.643,0.602,1.4,2.0,0.726,0.4,2.4,2.8,2.0,0.5,0.2,1.2,1.8,13.4,,kispeco01,5705888
121.0,Andrew Wiggins,28.0,GSW,SF,71.0,59.0,27.0,5.0,11.0,0.453,1.3,3.6,0.358,3.7,7.4,0.498,0.511,2.0,2.7,0.751,1.5,3.0,4.5,1.7,0.6,0.6,1.2,2.1,13.2,,wiggian01,26276786
122.0,Keyonte George,20.0,UTA,PG,75.0,44.0,27.0,4.3,10.9,0.391,2.0,5.9,0.334,2.3,5.0,0.459,0.482,2.5,3.0,0.848,0.2,2.6,2.8,4.4,0.5,0.1,2.5,1.2,13.0,,georgke01,4084200
123.0,P.J. Washington,25.0,2TM,PF,73.0,45.0,30.4,4.8,11.1,0.436,1.8,5.7,0.32,3.0,5.5,0.558,0.518,1.4,2.0,0.683,1.2,4.5,5.6,1.9,1.0,0.8,1.3,2.3,12.9,,washipj01,15500000
124.0,Scotty Pippen Jr.,23.0,MEM,PG,21.0,16.0,25.1,4.8,9.7,0.493,1.4,3.4,0.417,3.3,6.2,0.534,0.567,2.0,2.6,0.745,1.0,2.1,3.2,4.7,1.7,0.5,2.7,2.9,12.9,,pippesc02,2087519
125.0,Duncan Robinson,29.0,MIA,SF,68.0,36.0,28.0,4.5,9.9,0.45,2.8,7.0,0.395,1.7,3.0,0.579,0.589,1.2,1.3,0.889,0.2,2.3,2.5,2.8,0.7,0.2,1.4,2.4,12.9,,robindu01,19406000
126.0,Dillon Brooks,28.0,HOU,SF,72.0,72.0,30.9,4.6,10.7,0.428,1.8,5.1,0.359,2.7,5.5,0.492,0.515,1.7,2.0,0.844,0.7,2.7,3.4,1.7,0.9,0.1,1.2,3.3,12.7,,brookdi01,23255493
127.0,Mark Williams,22.0,CHO,C,19.0,19.0,26.7,5.2,7.9,0.649,0.0,0.0,,5.2,7.9,0.649,0.649,2.4,3.4,0.719,4.0,5.7,9.7,1.2,0.8,1.1,0.9,2.6,12.7,,willima07,4094280
128.0,Jalen Suggs,22.0,ORL,SG,75.0,75.0,27.0,4.5,9.5,0.471,2.0,5.1,0.397,2.4,4.4,0.556,0.578,1.6,2.1,0.756,0.6,2.4,3.1,2.7,1.4,0.6,1.8,2.7,12.6,DPOY-10DEF2,suggsja01,9188385
129.0,Jrue Holiday,33.0,BOS,PG,69.0,69.0,32.8,4.8,10.0,0.48,2.0,4.7,0.429,2.8,5.3,0.526,0.581,0.9,1.0,0.833,1.2,4.2,5.4,4.8,0.9,0.8,1.8,1.6,12.5,DPOY-6DEF2,holidjr01,30000000
130.0,Brook Lopez,35.0,MIL,C,79.0,79.0,30.5,4.6,9.6,0.485,1.9,5.1,0.366,2.8,4.4,0.621,0.583,1.4,1.7,0.821,1.5,3.7,5.2,1.6,0.5,2.4,1.0,2.4,12.5,,lopezbr01,23000000
131.0,Josh Giddey,21.0,OKC,SG,80.0,80.0,25.1,5.0,10.6,0.475,1.0,3.0,0.337,4.0,7.6,0.53,0.523,1.3,1.6,0.806,1.4,5.0,6.4,4.8,0.6,0.6,2.1,1.4,12.3,,giddejo01,8352367
132.0,Cam Whitmore,19.0,HOU,SF,47.0,2.0,18.7,4.5,9.9,0.454,1.7,4.7,0.359,2.8,5.3,0.538,0.539,1.6,2.4,0.679,0.9,2.9,3.8,0.7,0.6,0.4,1.0,1.4,12.3,,whitmca01,3379080
133.0,Harrison Barnes,31.0,SAC,PF,82.0,82.0,29.0,4.2,8.9,0.474,1.8,4.7,0.387,2.4,4.2,0.571,0.576,1.9,2.4,0.801,0.8,2.2,3.0,1.2,0.7,0.1,0.7,1.2,12.2,,barneha02,18000000
134.0,Ayo Dosunmu,24.0,CHI,SG,76.0,37.0,29.1,4.7,9.5,0.501,1.6,3.9,0.403,3.2,5.6,0.568,0.583,1.1,1.4,0.81,0.7,2.1,2.8,3.2,0.9,0.5,1.4,2.2,12.2,,dosunay01,7000000
136.0,Aaron Nesmith,24.0,IND,SF,72.0,47.0,27.7,4.4,8.8,0.496,1.9,4.6,0.419,2.4,4.2,0.581,0.606,1.5,1.9,0.781,0.9,2.9,3.8,1.5,0.9,0.7,0.9,3.3,12.2,,nesmiaa01,11000000
137.0,Max Strus,27.0,CLE,SF,70.0,70.0,32.0,4.3,10.4,0.418,2.4,6.8,0.351,1.9,3.6,0.546,0.533,1.1,1.4,0.794,0.9,3.9,4.8,4.0,0.9,0.4,1.6,2.4,12.2,,strusma01,15212068
138.0,Jonas Valančiūnas,31.0,NOP,C,82.0,82.0,23.5,4.9,8.8,0.559,0.5,1.5,0.308,4.5,7.3,0.609,0.585,2.0,2.5,0.785,2.3,6.5,8.8,2.1,0.4,0.8,1.4,2.7,12.2,,valanjo01,9900000
139.0,Buddy Hield,31.0,2TM,SF,84.0,42.0,25.7,4.4,10.1,0.436,2.6,6.8,0.386,1.8,3.4,0.539,0.565,0.6,0.7,0.881,0.7,2.5,3.2,2.8,0.8,0.5,1.2,2.0,12.1,,hieldbu01,8780488
140.0,Tyus Jones,27.0,WAS,PG,66.0,66.0,29.3,4.9,10.1,0.489,1.6,3.9,0.414,3.3,6.2,0.537,0.569,0.5,0.6,0.8,0.3,2.4,2.7,7.3,1.1,0.3,1.0,0.7,12.0,,jonesty01,2087519
141.0,Jaime Jaquez Jr.,22.0,MIA,SF,75.0,20.0,28.2,4.5,9.3,0.489,0.9,2.7,0.322,3.7,6.6,0.558,0.536,1.9,2.3,0.811,1.1,2.7,3.8,2.6,1.0,0.3,1.5,2.2,11.9,ROY-46MOY-9,jaqueja01,3685800
142.0,Nic Claxton,24.0,BRK,C,71.0,71.0,29.8,5.2,8.2,0.629,0.0,0.1,0.2,5.1,8.1,0.633,0.63,1.5,2.8,0.551,2.7,7.2,9.9,2.1,0.6,2.1,1.3,2.5,11.8,,claxtni01,27556817
143.0,Marvin Bagley III,24.0,2TM,C,50.0,25.0,21.1,4.8,8.2,0.586,0.2,0.5,0.391,4.6,7.7,0.597,0.597,1.9,2.5,0.762,2.6,3.6,6.2,1.1,0.4,0.7,1.2,1.6,11.7,,baglema01,12500000
144.0,Ivica Zubac,26.0,LAC,C,68.0,68.0,26.4,5.0,7.6,0.649,0.0,0.0,,5.0,7.6,0.649,0.649,1.8,2.4,0.723,2.9,6.3,9.2,1.4,0.3,1.2,1.2,2.6,11.7,,zubaciv01,11743210
145.0,Cole Anthony,23.0,ORL,PG,81.0,0.0,22.4,4.1,9.4,0.435,1.1,3.4,0.338,3.0,6.0,0.49,0.496,2.2,2.7,0.826,0.8,3.0,3.8,2.9,0.8,0.5,1.6,2.2,11.6,,anthoco01,12900000
146.0,Jeremy Sochan,20.0,SAS,PF,74.0,73.0,29.6,4.6,10.5,0.438,0.9,3.1,0.308,3.6,7.4,0.492,0.483,1.5,1.9,0.771,1.9,4.6,6.4,3.4,0.8,0.5,1.9,2.3,11.6,,sochaje01,5570040
147.0,Clint Capela,29.0,ATL,C,73.0,73.0,25.8,4.8,8.5,0.571,0.0,0.0,0.0,4.8,8.5,0.572,0.571,1.8,2.8,0.631,4.6,6.0,10.6,1.2,0.6,1.5,1.0,2.2,11.5,,capelca01,22265280
148.0,Mike Conley,36.0,MIN,PG,76.0,76.0,28.9,3.9,8.5,0.457,2.4,5.3,0.442,1.5,3.1,0.481,0.595,1.3,1.5,0.911,0.5,2.4,2.9,5.9,1.2,0.2,1.3,1.7,11.4,,conlemi01,9975962
149.0,Malik Beasley,27.0,MIL,SG,79.0,77.0,29.6,4.1,9.1,0.443,2.8,6.9,0.413,1.2,2.3,0.533,0.598,0.3,0.4,0.714,0.5,3.2,3.7,1.4,0.7,0.1,0.7,2.0,11.3,,beaslma01,6000000
151.0,Zach Collins,26.0,SAS,C,69.0,29.0,22.1,4.3,8.9,0.484,0.8,2.6,0.32,3.5,6.3,0.552,0.531,1.8,2.3,0.753,1.7,3.7,5.4,2.8,0.5,0.8,1.9,3.0,11.2,,colliza01,16741200
152.0,De'Anthony Melton,25.0,PHI,SG,38.0,33.0,26.9,3.7,9.5,0.386,2.0,5.6,0.36,1.6,3.8,0.425,0.493,1.7,2.1,0.835,0.7,3.0,3.7,3.0,1.6,0.4,1.0,2.2,11.1,,meltode01,12822000
153.0,Jakob Poeltl,28.0,TOR,C,50.0,50.0,26.4,5.0,7.6,0.656,0.0,0.0,,5.0,7.6,0.656,0.656,1.2,2.1,0.551,2.9,5.7,8.6,2.5,0.7,1.5,1.5,3.0,11.1,,poeltja01,19500000
154.0,Russell Westbrook,35.0,LAC,PG,68.0,11.0,22.5,4.4,9.8,0.454,0.6,2.3,0.273,3.8,7.5,0.509,0.486,1.6,2.4,0.688,1.4,3.7,5.0,4.5,1.1,0.3,2.1,1.8,11.1,6MOY-7,westbru01,3303771
155.0,Daniel Gafford,25.0,2TM,C,74.0,66.0,24.5,4.7,6.5,0.725,0.0,0.0,,4.7,6.5,0.725,0.725,1.6,2.4,0.674,2.6,5.0,7.6,1.6,0.9,2.1,1.0,3.1,11.0,,gaffoda01,13394160
156.0,Wendell Carter Jr.,24.0,ORL,C,55.0,48.0,25.6,4.1,7.7,0.525,1.2,3.1,0.374,2.9,4.6,0.626,0.6,1.7,2.4,0.694,2.0,4.9,6.9,1.7,0.6,0.5,1.2,2.2,11.0,,cartewe01,11950000
157.0,Eric Gordon,35.0,PHO,SG,68.0,24.0,27.8,4.0,9.1,0.443,2.2,5.8,0.378,1.8,3.3,0.561,0.565,0.8,0.9,0.797,0.2,1.6,1.8,2.0,1.0,0.4,1.1,1.2,11.0,,gordoer01,3303771
158.0,Herbert Jones,25.0,NOP,SF,76.0,76.0,30.5,3.9,7.7,0.498,1.5,3.6,0.418,2.4,4.1,0.568,0.595,1.8,2.1,0.867,1.0,2.6,3.6,2.6,1.4,0.8,1.2,2.9,11.0,DPOY-5DEF1,joneshe01,12976362
159.0,Luke Kennard,27.0,MEM,SG,39.0,22.0,25.6,3.6,8.1,0.448,2.7,6.1,0.45,0.9,2.0,0.442,0.617,1.0,1.2,0.889,0.3,2.6,2.9,3.5,0.5,0.1,1.4,1.0,11.0,,kennalu01,9250000
160.0,Luguentz Dort,24.0,OKC,SF,79.0,79.0,28.4,3.6,8.3,0.438,2.0,5.0,0.394,1.7,3.3,0.506,0.557,1.6,2.0,0.826,0.9,2.7,3.6,1.4,0.9,0.6,0.9,2.9,10.9,,dortlu01,17000000
161.0,Jusuf Nurkić,29.0,PHO,C,76.0,76.0,27.3,4.2,8.3,0.51,0.3,1.2,0.244,3.9,7.1,0.555,0.528,2.2,3.4,0.64,2.9,8.1,11.0,4.0,1.1,1.1,2.3,3.3,10.9,,nurkiju01,18125000
162.0,Isaiah Stewart,22.0,DET,PF,46.0,45.0,30.9,4.0,8.3,0.487,1.5,3.8,0.383,2.6,4.5,0.575,0.575,1.4,1.8,0.753,1.6,5.0,6.6,1.6,0.4,0.8,1.4,2.2,10.9,,stewais01,15000000
163.0,Moritz Wagner,26.0,ORL,C,80.0,1.0,17.7,4.2,6.9,0.601,0.5,1.4,0.33,3.7,5.5,0.673,0.636,2.1,2.6,0.814,1.5,2.9,4.3,1.2,0.5,0.3,1.2,2.0,10.9,,wagnemo01,11000000
164.0,Bruce Brown,27.0,2TM,SG,67.0,44.0,27.9,4.1,8.7,0.478,0.8,2.4,0.323,3.4,6.2,0.538,0.523,1.7,2.1,0.824,0.8,3.4,4.2,2.9,0.9,0.3,1.3,2.2,10.8,,brownbr01,23000000
165.0,Jake LaRavia,22.0,MEM,PF,35.0,6.0,23.0,3.4,8.7,0.389,1.5,4.5,0.34,1.9,4.2,0.442,0.477,2.6,3.1,0.826,1.5,2.2,3.7,1.7,0.8,0.3,1.3,2.0,10.8,,laravja01,3352680
166.0,Santi Aldama,23.0,MEM,PF,61.0,35.0,26.5,4.0,9.3,0.435,1.7,5.0,0.349,2.3,4.3,0.534,0.528,0.9,1.4,0.621,1.2,4.6,5.8,2.3,0.7,0.9,1.1,1.5,10.7,,aldamsa01,3960531
167.0,Simone Fontecchio,28.0,2TM,SF,66.0,43.0,24.9,3.8,8.3,0.46,2.0,5.1,0.401,1.8,3.2,0.551,0.582,0.8,1.0,0.818,1.0,2.8,3.7,1.5,0.7,0.3,1.0,1.7,10.5,,fontesi01,7692308
168.0,Spencer Dinwiddie,30.0,2TM,PG,76.0,52.0,28.3,3.3,8.4,0.392,1.6,4.8,0.337,1.7,3.6,0.467,0.489,2.2,2.8,0.805,0.4,2.3,2.7,4.7,0.7,0.3,1.2,1.8,10.5,,dinwisp01,2087519
169.0,Jaden McDaniels,23.0,MIN,SF,72.0,71.0,29.2,4.3,8.7,0.489,1.2,3.5,0.337,3.1,5.2,0.592,0.557,0.8,1.1,0.722,0.8,2.3,3.1,1.4,0.9,0.6,1.2,3.0,10.5,DEF2,mcdanja02,22586207
170.0,Alec Burks,32.0,2TM,SG,66.0,1.0,18.4,3.2,8.6,0.369,1.9,5.0,0.376,1.3,3.6,0.36,0.478,2.2,2.5,0.868,0.4,1.9,2.3,1.3,0.4,0.2,0.7,1.1,10.4,,burksal01,2087519
171.0,Dalano Banton,24.0,2TM,PG,54.0,9.0,19.4,3.7,9.3,0.404,1.1,3.7,0.296,2.6,5.6,0.475,0.463,1.7,2.2,0.783,0.8,2.5,3.3,2.4,0.6,0.4,1.4,1.2,10.3,,bantoda01,2196970
172.0,Grant Williams,25.0,2TM,PF,76.0,43.0,28.0,3.6,8.0,0.456,1.7,4.4,0.375,2.0,3.5,0.558,0.56,1.4,1.8,0.757,1.1,3.1,4.2,2.3,0.6,0.5,1.4,3.0,10.3,,willigr01,13025250
173.0,Obi Toppin,25.0,IND,PF,82.0,28.0,21.1,4.0,7.1,0.573,1.2,3.1,0.403,2.8,4.0,0.706,0.661,0.9,1.2,0.77,1.0,2.9,3.9,1.6,0.6,0.5,0.8,1.7,10.3,,toppiob01,12975000
174.0,Kevin Huerter,25.0,SAC,SG,64.0,59.0,24.4,3.9,8.8,0.443,1.9,5.3,0.361,2.0,3.4,0.571,0.553,0.6,0.7,0.766,0.6,2.9,3.5,2.6,0.7,0.4,0.8,2.1,10.2,,huertke01,16830357
176.0,T.J. McConnell,31.0,IND,PG,71.0,4.0,18.2,4.6,8.4,0.556,0.3,0.6,0.409,4.4,7.7,0.568,0.572,0.7,0.9,0.79,0.5,2.2,2.7,5.5,1.0,0.1,1.5,1.1,10.2,6MOY-7,mccontj01,9500000
177.0,Onyeka Okongwu,23.0,ATL,C,55.0,8.0,25.5,4.1,6.6,0.611,0.4,1.3,0.333,3.6,5.4,0.676,0.642,1.7,2.1,0.793,2.6,4.2,6.8,1.3,0.5,1.1,0.8,2.9,10.2,,okongon01,14000000
178.0,Kentavious Caldwell-Pope,30.0,DEN,SG,76.0,76.0,31.6,3.6,7.7,0.46,1.6,4.1,0.406,1.9,3.7,0.52,0.566,1.3,1.5,0.894,0.4,2.0,2.4,2.4,1.3,0.6,1.0,2.0,10.1,,caldwke01,22757000
179.0,Alex Caruso,29.0,CHI,SG,71.0,57.0,28.7,3.6,7.6,0.468,1.9,4.7,0.408,1.6,2.9,0.563,0.593,1.0,1.4,0.76,0.9,3.0,3.8,3.5,1.7,1.0,1.4,2.5,10.1,DPOY-10DEF2,carusal01,9890000
180.0,Talen Horton-Tucker,23.0,UTA,PG,51.0,11.0,19.8,3.6,9.1,0.396,1.2,3.6,0.33,2.4,5.5,0.438,0.46,1.7,2.1,0.807,0.4,2.0,2.4,3.5,0.9,0.4,1.3,1.8,10.1,,hortota01,2087519
181.0,Tre Jones,24.0,SAS,PG,77.0,48.0,27.8,3.9,7.8,0.505,0.8,2.5,0.335,3.1,5.3,0.584,0.558,1.3,1.5,0.856,0.8,3.0,3.8,6.2,1.0,0.1,1.5,1.2,10.0,,jonestr01,9104167
182.0,Caleb Martin,28.0,MIA,SF,64.0,23.0,27.4,3.8,8.7,0.431,1.3,3.6,0.349,2.5,5.1,0.489,0.504,1.2,1.5,0.778,1.2,3.2,4.4,2.2,0.7,0.5,1.2,2.0,10.0,,martica02,9186594
183.0,Patrick Williams,22.0,CHI,PF,43.0,30.0,27.3,3.7,8.3,0.443,1.4,3.4,0.399,2.3,4.9,0.474,0.525,1.2,1.5,0.788,1.1,2.8,3.9,1.5,0.9,0.8,1.3,2.0,10.0,,willipa01,18000000
186.0,Jalen Smith,23.0,IND,C,61.0,14.0,17.2,3.8,6.5,0.592,1.0,2.4,0.424,2.8,4.1,0.689,0.67,1.2,1.7,0.692,1.8,3.7,5.5,1.0,0.3,0.6,0.7,2.0,9.9,,smithja04,8571429
188.0,Kelly Olynyk,32.0,2TM,C,78.0,27.0,22.6,3.5,6.4,0.555,0.8,2.0,0.387,2.8,4.4,0.632,0.616,1.9,2.3,0.833,1.4,3.9,5.3,4.4,0.9,0.4,1.9,2.9,9.8,,olynyke01,12804878
189.0,Tari Eason,22.0,HOU,PF,22.0,0.0,21.8,4.0,8.6,0.466,0.8,2.3,0.36,3.2,6.3,0.504,0.513,1.0,1.5,0.636,2.1,4.9,7.0,1.2,1.4,0.9,0.9,2.3,9.8,,easonta01,3695160
190.0,Nick Richards,26.0,CHO,C,67.0,51.0,26.3,3.9,5.6,0.691,0.0,0.0,0.0,3.9,5.6,0.693,0.691,2.0,2.7,0.737,2.6,5.5,8.0,0.8,0.4,1.1,1.1,2.6,9.7,,richani01,5000000
191.0,Lonnie Walker IV,25.0,BRK,SG,58.0,0.0,17.4,3.6,8.5,0.423,1.8,4.7,0.384,1.8,3.8,0.471,0.528,0.8,1.0,0.763,0.2,2.0,2.2,1.3,0.6,0.3,0.9,1.2,9.7,,walkelo01,780932
192.0,Payton Pritchard,26.0,BOS,PG,82.0,5.0,22.3,3.6,7.7,0.468,1.8,4.7,0.385,1.8,3.1,0.593,0.583,0.6,0.7,0.821,0.9,2.4,3.2,3.4,0.5,0.1,0.7,1.3,9.6,,pritcpa01,6696429
193.0,Amen Thompson,21.0,HOU,SF,62.0,23.0,22.4,3.9,7.2,0.536,0.1,0.9,0.138,3.7,6.3,0.595,0.545,1.7,2.5,0.684,2.4,4.2,6.6,2.6,1.3,0.6,1.5,2.3,9.5,,thompam01,9249960
194.0,Josh Hart,28.0,NYK,SF,81.0,42.0,33.4,3.6,8.4,0.434,1.0,3.2,0.31,2.7,5.2,0.511,0.493,1.1,1.4,0.791,1.6,6.8,8.3,4.1,0.9,0.3,1.5,2.1,9.4,,hartjo01,18144000
195.0,Georges Niang,30.0,CLE,PF,82.0,10.0,22.3,3.5,7.7,0.449,1.8,4.8,0.376,1.6,2.9,0.572,0.567,0.6,0.7,0.85,0.3,3.1,3.4,1.2,0.4,0.2,0.9,2.3,9.4,,niangge01,8500000
196.0,Isaac Okoro,23.0,CLE,SF,69.0,42.0,27.3,3.4,7.0,0.49,1.2,3.1,0.391,2.2,3.8,0.57,0.577,1.3,2.0,0.679,1.0,2.0,3.0,1.9,0.8,0.5,0.8,2.0,9.4,,okorois01,10185186
197.0,Tre Mann,22.0,2TM,PG,41.0,28.0,24.1,3.5,7.7,0.459,1.1,3.1,0.373,2.4,4.6,0.516,0.533,1.1,1.4,0.763,0.5,3.1,3.6,4.0,1.2,0.1,1.6,1.2,9.3,,manntr01,4908373
198.0,Malaki Branham,20.0,SAS,PG,75.0,29.0,21.3,3.6,8.4,0.432,1.2,3.6,0.347,2.4,4.8,0.494,0.506,0.7,0.8,0.873,0.4,1.6,2.0,2.1,0.4,0.1,1.2,1.3,9.2,,branhma01,3217920
199.0,Andrew Nembhard,24.0,IND,PG,68.0,47.0,25.0,3.8,7.7,0.498,0.9,2.5,0.357,2.9,5.2,0.567,0.557,0.7,0.8,0.804,0.5,1.5,2.1,4.1,0.9,0.1,1.5,2.1,9.2,,nembhan01,2019699
200.0,Chris Paul,38.0,GSW,PG,58.0,18.0,26.4,3.6,8.1,0.441,1.3,3.6,0.371,2.2,4.4,0.498,0.525,0.7,0.9,0.827,0.3,3.6,3.9,6.8,1.2,0.1,1.3,1.9,9.2,,paulch01,10983000
201.0,Brandin Podziemski,20.0,GSW,SG,74.0,28.0,26.6,3.7,8.1,0.454,1.2,3.2,0.385,2.4,4.9,0.499,0.529,0.7,1.1,0.633,1.6,4.2,5.8,3.7,0.8,0.2,1.2,1.6,9.2,ROY-5,podzibr01,3519960
202.0,Duop Reath,27.0,POR,C,68.0,20.0,17.9,3.4,7.3,0.461,1.3,3.6,0.359,2.1,3.7,0.559,0.549,1.0,1.4,0.742,1.4,2.3,3.7,1.0,0.5,0.6,0.8,2.4,9.1,,reathdu01,2048780
203.0,Sam Hauser,26.0,BOS,SF,79.0,13.0,22.0,3.2,7.1,0.446,2.5,5.9,0.424,0.7,1.2,0.559,0.623,0.2,0.2,0.895,0.6,2.9,3.5,1.0,0.5,0.3,0.4,1.3,9.0,,hausesa01,2092344
204.0,Taurean Prince,29.0,LAL,PF,78.0,49.0,27.0,3.2,7.3,0.442,1.8,4.6,0.396,1.4,2.8,0.519,0.566,0.6,0.9,0.735,0.3,2.7,2.9,1.5,0.7,0.4,0.9,1.9,8.9,,princta02,2087519
205.0,Jabari Walker,21.0,POR,PF,72.0,23.0,23.6,3.3,7.1,0.46,0.6,1.9,0.295,2.7,5.1,0.522,0.5,1.8,2.4,0.754,2.1,5.0,7.1,1.0,0.6,0.3,0.9,2.4,8.9,,walkeja01,2019699
206.0,Dereck Lively II,19.0,DAL,C,55.0,42.0,23.5,4.0,5.4,0.747,0.0,0.0,0.0,4.0,5.3,0.752,0.747,0.7,1.5,0.506,2.5,4.4,6.9,1.1,0.7,1.4,0.9,2.6,8.8,ROY-6,livelde01,5014560
207.0,Kevin Love,35.0,MIA,PF,55.0,5.0,16.8,2.9,6.5,0.44,1.5,4.4,0.344,1.3,2.1,0.643,0.557,1.5,2.0,0.787,1.1,5.1,6.1,2.1,0.3,0.2,0.9,1.8,8.8,,loveke01,3850000
208.0,Terance Mann,27.0,LAC,SG,75.0,71.0,25.0,3.4,6.6,0.515,0.9,2.7,0.348,2.4,3.9,0.633,0.587,1.1,1.3,0.832,1.2,2.2,3.4,1.6,0.6,0.2,0.6,1.9,8.8,,mannte01,11423077
209.0,Ausar Thompson,21.0,DET,SF,63.0,38.0,25.1,3.7,7.6,0.483,0.3,1.8,0.186,3.3,5.8,0.575,0.505,1.1,1.9,0.597,2.0,4.3,6.4,1.9,1.1,0.9,1.3,2.8,8.8,,thompau01,8376000
210.0,Draymond Green,33.0,GSW,PF,55.0,52.0,27.1,3.4,6.8,0.497,0.9,2.3,0.395,2.4,4.4,0.551,0.566,1.0,1.3,0.73,1.4,5.9,7.2,6.0,1.0,0.9,2.5,3.0,8.6,,greendr01,24107143
211.0,Al Horford,37.0,BOS,C,65.0,33.0,26.8,3.3,6.4,0.511,1.7,4.0,0.419,1.6,2.5,0.658,0.64,0.4,0.5,0.867,1.3,5.1,6.4,2.6,0.6,1.0,0.7,1.4,8.6,,horfoal01,9500000
212.0,Derrick Jones Jr.,26.0,DAL,SF,76.0,66.0,23.5,3.1,6.5,0.483,1.1,3.1,0.343,2.1,3.4,0.613,0.566,1.3,1.8,0.713,1.1,2.2,3.3,1.0,0.7,0.7,0.9,1.6,8.6,,jonesde02,9523810
213.0,Gradey Dick,20.0,TOR,SG,60.0,17.0,21.1,3.2,7.4,0.425,1.5,4.0,0.365,1.7,3.4,0.495,0.524,0.7,0.9,0.863,0.5,1.8,2.2,1.1,0.6,0.0,0.8,1.5,8.5,,dickgr01,4763760
214.0,Dorian Finney-Smith,30.0,BRK,PF,68.0,56.0,28.4,3.2,7.5,0.421,1.7,4.9,0.348,1.4,2.6,0.56,0.535,0.5,0.7,0.717,1.6,3.1,4.7,1.6,0.8,0.6,0.9,2.2,8.5,,finnedo01,14924167
216.0,Bilal Coulibaly,19.0,WAS,SF,63.0,15.0,27.2,3.0,6.9,0.435,1.0,2.9,0.346,2.0,3.9,0.502,0.509,1.5,2.1,0.702,0.9,3.2,4.1,1.7,0.9,0.8,1.4,2.2,8.4,,coulibi01,6945240
217.0,Andre Drummond,30.0,CHI,C,79.0,10.0,17.1,3.4,6.1,0.556,0.0,0.0,0.0,3.4,6.0,0.56,0.556,1.6,2.8,0.592,3.4,5.6,9.0,0.5,0.9,0.6,1.0,1.8,8.4,,drumman01,5000000
218.0,Miles McBride,23.0,NYK,PG,68.0,14.0,19.5,3.0,6.7,0.452,1.6,3.9,0.41,1.4,2.8,0.511,0.572,0.6,0.7,0.86,0.5,1.0,1.5,1.7,0.7,0.1,0.4,1.6,8.3,,mcbrimi01,4710144
219.0,Marcus Sasser,23.0,DET,PG,71.0,11.0,19.0,3.1,7.2,0.428,1.3,3.4,0.375,1.8,3.8,0.474,0.516,0.8,0.9,0.879,0.2,1.6,1.8,3.3,0.6,0.2,1.3,1.5,8.3,,sassema01,2755080
220.0,Josh Green,23.0,DAL,SG,57.0,33.0,26.4,3.1,6.6,0.479,1.3,3.3,0.385,1.9,3.3,0.572,0.575,0.7,1.0,0.684,0.7,2.5,3.2,2.3,0.8,0.2,1.1,1.9,8.2,,greenjo02,12654321
221.0,Isaiah Joe,24.0,OKC,SG,78.0,1.0,18.5,2.8,6.2,0.458,1.9,4.5,0.416,1.0,1.7,0.568,0.609,0.6,0.7,0.865,0.4,1.9,2.3,1.3,0.6,0.3,0.6,1.1,8.2,,joeis01,12991650
222.0,Ziaire Williams,22.0,MEM,SF,51.0,15.0,20.4,2.9,7.4,0.397,1.1,3.7,0.307,1.8,3.7,0.487,0.474,1.2,1.5,0.827,0.7,2.8,3.5,1.5,0.7,0.2,1.3,1.7,8.2,,willizi02,6133005
223.0,Kyle Lowry,37.0,2TM,PG,60.0,55.0,28.2,2.7,6.3,0.432,1.6,4.2,0.392,1.1,2.1,0.512,0.562,1.1,1.3,0.84,0.6,2.7,3.2,4.2,1.0,0.4,1.4,2.4,8.1,,lowryky01,2087519
224.0,Walker Kessler,22.0,UTA,C,64.0,22.0,23.3,3.6,5.5,0.654,0.1,0.3,0.211,3.5,5.2,0.68,0.66,0.9,1.5,0.602,2.6,4.9,7.5,0.9,0.5,2.4,1.0,2.1,8.1,,kesslwa01,2965920
225.0,Moses Moody,21.0,GSW,SG,66.0,9.0,17.5,2.9,6.4,0.462,1.1,3.0,0.36,1.8,3.3,0.555,0.548,1.1,1.4,0.785,1.0,2.0,3.0,0.9,0.6,0.4,0.7,1.4,8.1,,moodymo01,5803269
226.0,Nickeil Alexander-Walker,25.0,MIN,SG,82.0,20.0,23.4,2.9,6.6,0.439,1.6,4.1,0.391,1.3,2.5,0.517,0.56,0.6,0.8,0.8,0.4,1.6,2.0,2.5,0.8,0.5,0.9,1.7,8.0,,alexani01,4312500
227.0,Sam Merrill,27.0,CLE,SG,61.0,1.0,17.5,2.6,6.4,0.402,2.3,5.8,0.404,0.2,0.6,0.385,0.584,0.4,0.5,0.929,0.4,1.6,2.0,1.8,0.3,0.1,0.3,1.2,8.0,,merrisa01,2164993
229.0,Dario Šarić,29.0,GSW,C,64.0,9.0,17.2,2.8,6.1,0.466,1.2,3.1,0.376,1.7,3.0,0.56,0.562,1.2,1.5,0.849,1.1,3.3,4.4,2.3,0.5,0.2,1.2,1.8,8.0,,saricda01,5168000
230.0,Trayce Jackson-Davis,23.0,GSW,PF,68.0,16.0,16.6,3.4,4.9,0.702,0.0,0.0,0.0,3.4,4.9,0.704,0.702,1.1,1.9,0.561,2.0,3.0,5.0,1.2,0.4,1.1,0.7,1.6,7.9,,jackstr02,1891857
231.0,Danté Exum,28.0,DAL,PG,55.0,17.0,19.8,2.9,5.5,0.533,1.0,2.0,0.491,2.0,3.5,0.557,0.621,1.0,1.2,0.779,0.5,2.3,2.7,2.9,0.4,0.1,0.9,1.5,7.8,,exumda01,3150000
232.0,Markelle Fultz,25.0,ORL,PG,43.0,18.0,21.2,3.6,7.6,0.472,0.1,0.4,0.222,3.5,7.2,0.487,0.479,0.5,0.8,0.697,1.3,1.9,3.2,2.8,1.0,0.3,1.2,1.5,7.8,,fultzma01,731831
233.0,Isaiah Hartenstein,25.0,NYK,C,75.0,49.0,25.3,3.1,4.9,0.644,0.0,0.0,0.333,3.1,4.8,0.646,0.645,1.5,2.1,0.707,3.3,5.1,8.3,2.5,1.2,1.1,1.2,2.8,7.8,,harteis01,30000000
234.0,Jordan Hawkins,21.0,NOP,SG,67.0,10.0,17.3,2.6,6.8,0.382,1.6,4.4,0.366,1.0,2.4,0.411,0.501,1.0,1.2,0.838,0.4,1.8,2.2,1.0,0.3,0.1,0.6,1.1,7.8,,hawkijo01,4525680
235.0,Royce O'Neale,30.0,2TM,SF,79.0,14.0,24.7,2.7,6.8,0.397,2.0,5.3,0.37,0.7,1.5,0.496,0.542,0.3,0.4,0.686,0.8,4.0,4.8,2.8,0.7,0.6,0.9,2.2,7.7,,onealro01,9375000
237.0,Nikola Jović,20.0,MIA,PF,46.0,38.0,19.5,2.8,6.1,0.452,1.4,3.5,0.399,1.3,2.6,0.525,0.568,0.7,1.0,0.702,0.5,3.6,4.2,2.0,0.5,0.3,0.9,1.8,7.7,,jovicni01,2464200
238.0,Precious Achiuwa,24.0,2TM,C,74.0,18.0,21.9,3.2,6.3,0.501,0.4,1.3,0.268,2.8,5.0,0.562,0.529,0.9,1.5,0.616,2.6,4.0,6.6,1.3,0.6,0.9,1.1,1.9,7.6,,achiupr01,6000000
239.0,Toumani Camara,23.0,POR,PF,70.0,49.0,24.8,2.8,6.3,0.45,0.8,2.5,0.337,2.0,3.8,0.523,0.516,1.1,1.4,0.758,2.0,2.9,4.9,1.2,0.9,0.5,1.2,2.5,7.5,,camarto01,1891857
240.0,Cody Martin,28.0,CHO,SF,28.0,22.0,26.9,2.9,7.7,0.381,1.0,3.1,0.314,2.0,4.6,0.426,0.444,0.7,1.2,0.606,0.7,3.2,3.9,3.7,1.1,0.6,1.6,1.7,7.5,,martico01,8120000
241.0,Brice Sensabaugh,20.0,UTA,SF,32.0,11.0,18.3,2.7,6.8,0.39,1.1,3.6,0.296,1.6,3.2,0.495,0.468,1.2,1.3,0.902,0.5,2.7,3.2,1.7,0.4,0.2,1.5,1.3,7.5,,sensabr01,2571480
242.0,Cameron Payne,29.0,2TM,PG,78.0,10.0,16.7,2.7,6.2,0.432,1.3,3.4,0.39,1.3,2.7,0.486,0.541,0.7,0.9,0.866,0.3,1.2,1.5,2.6,0.5,0.1,0.8,1.6,7.4,,payneca01,2087519
243.0,Christian Braun,22.0,DEN,SG,82.0,4.0,20.2,2.7,5.9,0.46,0.8,2.0,0.384,1.9,3.9,0.498,0.525,1.1,1.6,0.694,1.0,2.8,3.7,1.6,0.5,0.4,0.7,1.7,7.3,,braunch01,3089640
244.0,Jaden Hardy,21.0,DAL,SG,73.0,7.0,13.5,2.7,6.6,0.407,1.1,3.1,0.362,1.6,3.5,0.447,0.492,0.8,1.0,0.776,0.3,1.5,1.8,1.5,0.3,0.1,0.8,1.1,7.3,,hardyja02,2019699
245.0,Taylor Hendricks,20.0,UTA,PF,40.0,23.0,21.4,2.7,6.0,0.45,1.3,3.5,0.379,1.4,2.5,0.55,0.56,0.6,0.7,0.793,1.2,3.5,4.6,0.8,0.7,0.8,0.7,1.9,7.3,,hendrta01,5848680
246.0,Paul Reed,24.0,PHI,C,82.0,24.0,19.4,3.2,5.9,0.54,0.3,0.7,0.368,2.9,5.2,0.563,0.561,0.7,1.0,0.718,2.4,3.6,6.0,1.3,0.8,1.0,0.8,2.4,7.3,,reedpa01,1427671
247.0,Lamar Stevens,26.0,2TM,PF,38.0,3.0,14.7,2.8,6.3,0.45,0.4,1.2,0.304,2.5,5.1,0.485,0.479,1.1,1.4,0.778,0.9,2.4,3.3,0.7,0.6,0.6,0.6,1.2,7.2,,stevela01,383912
248.0,Johnny Juzang,22.0,UTA,SG,20.0,5.0,18.6,2.6,5.5,0.464,1.6,3.9,0.416,1.0,1.7,0.576,0.609,0.5,0.7,0.714,0.4,1.5,1.8,1.2,0.2,0.1,0.7,1.5,7.2,,juzanjo01,3087519
249.0,Kevin Knox,24.0,DET,SF,31.0,11.0,18.1,2.8,6.0,0.462,1.0,3.0,0.33,1.8,3.0,0.598,0.546,0.6,0.7,0.909,0.6,1.8,2.4,0.7,0.4,0.2,0.7,1.6,7.2,,knoxke01,263939
250.0,Trey Lyles,28.0,SAC,PF,58.0,0.0,20.0,2.5,5.5,0.445,1.4,3.8,0.384,1.0,1.8,0.578,0.576,0.8,1.2,0.7,1.1,3.4,4.4,1.2,0.3,0.3,0.7,1.5,7.2,,lylestr01,8000000
251.0,Jose Alvarado,25.0,NOP,PG,56.0,0.0,18.4,2.5,6.2,0.412,1.4,3.7,0.377,1.1,2.5,0.464,0.525,0.6,0.9,0.673,0.4,1.8,2.3,2.1,1.1,0.3,0.7,1.6,7.1,6MOY-6,alvarjo01,1988598
252.0,Naji Marshall,26.0,NOP,SF,66.0,1.0,19.0,2.6,5.6,0.463,0.9,2.3,0.387,1.7,3.3,0.516,0.542,1.0,1.3,0.791,0.8,2.8,3.6,1.9,0.7,0.2,1.0,1.4,7.1,,marshna01,8571429
253.0,Landry Shamet,26.0,WAS,SG,46.0,5.0,15.8,2.6,6.0,0.431,1.2,3.4,0.338,1.4,2.5,0.556,0.527,0.8,1.0,0.826,0.3,1.0,1.3,1.2,0.5,0.2,0.7,1.7,7.1,,shamela01,1343690
255.0,Vasilije Micić,30.0,2TM,PG,60.0,21.0,19.6,2.7,6.2,0.43,0.7,2.6,0.279,1.9,3.6,0.537,0.488,1.0,1.3,0.813,0.2,1.2,1.5,4.4,0.5,0.1,1.7,1.1,7.0,,micicva01,7723000
257.0,Quentin Grimes,23.0,2TM,SG,51.0,18.0,20.1,2.4,6.4,0.372,1.6,4.7,0.338,0.8,1.7,0.466,0.495,0.7,0.9,0.756,0.3,1.7,2.0,1.3,0.7,0.1,0.5,1.5,7.0,,grimequ01,4296682
260.0,Gary Harris,29.0,ORL,SG,54.0,27.0,24.0,2.4,5.5,0.441,1.4,3.8,0.371,1.0,1.7,0.598,0.569,0.6,0.8,0.756,0.4,1.2,1.7,1.6,0.9,0.3,0.6,1.7,6.9,,harriga01,7500000
264.0,Trendon Watford,23.0,BRK,PF,63.0,2.0,13.6,2.6,4.9,0.527,0.4,1.1,0.397,2.2,3.9,0.564,0.571,1.2,1.5,0.794,0.8,2.3,3.1,1.3,0.4,0.3,1.0,1.7,6.9,,watfotr01,2726603
265.0,Aaron Wiggins,25.0,OKC,SG,78.0,4.0,15.7,2.7,4.8,0.562,0.8,1.6,0.492,1.9,3.2,0.598,0.645,0.7,0.9,0.789,0.8,1.6,2.4,1.1,0.7,0.2,0.7,1.2,6.9,,wiggiaa01,10981303
268.0,Julian Champagnie,22.0,SAS,SF,74.0,59.0,19.8,2.2,5.4,0.408,1.4,3.7,0.365,0.9,1.7,0.504,0.534,1.0,1.2,0.815,0.6,2.2,2.8,1.4,0.6,0.6,0.8,1.0,6.8,,champju02,3000000
269.0,Jonathan Isaac,26.0,ORL,PF,58.0,2.0,15.8,2.5,4.9,0.51,0.7,1.9,0.375,1.8,3.0,0.598,0.584,1.0,1.4,0.72,1.3,3.2,4.5,0.5,0.7,1.2,0.5,1.1,6.8,6MOY-9,isaacjo01,27600000
271.0,Day'Ron Sharpe,22.0,BRK,C,61.0,1.0,15.1,2.8,4.8,0.571,0.1,0.2,0.267,2.7,4.6,0.588,0.578,1.2,2.0,0.61,2.6,3.7,6.4,1.4,0.4,0.7,1.1,2.1,6.8,,sharpda01,3989122
272.0,Cason Wallace,20.0,OKC,SG,82.0,13.0,20.6,2.6,5.4,0.491,1.2,2.9,0.419,1.5,2.5,0.572,0.602,0.4,0.5,0.784,0.6,1.6,2.3,1.5,0.9,0.5,0.5,1.6,6.8,,wallaca01,5555880
276.0,Peyton Watson,21.0,DEN,SF,80.0,4.0,18.6,2.6,5.6,0.465,0.6,1.9,0.296,2.0,3.7,0.553,0.516,0.9,1.3,0.67,0.7,2.5,3.2,1.1,0.5,1.1,0.7,1.8,6.7,,watsope01,2413560
277.0,Amir Coffey,26.0,LAC,SF,70.0,13.0,20.9,2.4,5.0,0.472,1.0,2.6,0.38,1.4,2.4,0.571,0.571,0.9,1.0,0.859,0.4,1.7,2.1,1.1,0.6,0.2,0.5,1.5,6.6,,coffeam01,3938271
278.0,Aaron Holiday,27.0,HOU,PG,78.0,1.0,16.3,2.4,5.3,0.446,1.1,2.8,0.387,1.3,2.6,0.51,0.547,0.7,0.8,0.921,0.3,1.3,1.6,1.8,0.5,0.1,0.7,1.6,6.6,,holidaa01,4668000
281.0,Jordan Goodwin,25.0,2TM,PG,57.0,12.0,18.5,2.5,6.7,0.369,0.7,2.5,0.298,1.7,4.2,0.411,0.424,0.8,1.0,0.746,1.5,2.9,4.4,2.7,0.8,0.3,1.0,1.3,6.5,,goodwjo01,223718
284.0,Jeff Green,37.0,HOU,PF,78.0,6.0,16.8,2.1,4.7,0.456,0.7,2.1,0.331,1.5,2.6,0.553,0.529,1.6,1.9,0.819,0.6,1.7,2.3,0.9,0.2,0.4,0.6,1.3,6.5,,greenje02,8000000
285.0,Isaiah Jackson,22.0,IND,C,59.0,3.0,13.1,2.6,3.9,0.665,0.0,0.1,0.0,2.6,3.9,0.677,0.665,1.2,1.7,0.716,1.6,2.4,4.0,0.8,0.6,1.0,0.7,2.3,6.5,,jacksis01,4435381
287.0,Kyle Anderson,30.0,MIN,PF,79.0,10.0,22.6,2.5,5.5,0.46,0.1,0.6,0.229,2.4,4.9,0.488,0.472,1.2,1.7,0.708,0.8,2.7,3.5,4.2,0.9,0.6,1.2,1.6,6.4,,anderky01,8780488
288.0,Chris Boucher,31.0,TOR,PF,50.0,0.0,14.1,2.2,4.3,0.507,0.6,1.9,0.33,1.6,2.5,0.642,0.578,1.4,1.8,0.772,1.2,2.9,4.1,0.5,0.3,0.5,0.6,1.4,6.4,,bouchch01,10810000
289.0,Jared Butler,23.0,WAS,SG,40.0,0.0,14.2,2.5,5.0,0.488,0.6,2.0,0.308,1.9,3.1,0.602,0.547,0.8,0.9,0.861,0.2,1.2,1.5,3.2,0.7,0.2,1.3,1.5,6.3,,butleja02,745726
294.0,Jae Crowder,33.0,MIL,PF,50.0,25.0,23.1,2.3,5.4,0.422,1.2,3.3,0.349,1.1,2.1,0.538,0.53,0.5,0.7,0.722,0.6,2.6,3.2,1.3,0.8,0.2,0.5,1.5,6.2,,crowdja01,1655619
296.0,Haywood Highsmith,27.0,MIA,PF,66.0,26.0,20.7,2.3,5.0,0.465,1.2,2.9,0.396,1.2,2.1,0.562,0.581,0.3,0.5,0.639,1.0,2.2,3.2,1.1,0.8,0.5,0.5,1.8,6.1,,highsha01,5200000
297.0,Vít Krejčí,23.0,ATL,PG,22.0,14.0,24.6,2.3,4.7,0.49,1.3,3.1,0.412,1.0,1.6,0.639,0.625,0.2,0.3,0.833,0.5,1.9,2.4,2.3,0.6,0.3,0.9,2.2,6.1,,krejcvi01,2162606
298.0,Kris Murray,23.0,POR,SF,62.0,29.0,21.7,2.3,5.9,0.396,0.8,3.0,0.268,1.5,3.0,0.525,0.463,0.6,0.9,0.661,1.4,2.2,3.6,1.3,0.9,0.3,0.9,1.5,6.1,,murrakr01,2990040
299.0,Ben Simmons,27.0,BRK,PG,15.0,12.0,23.9,2.9,4.9,0.581,0.0,0.0,,2.9,4.9,0.581,0.581,0.4,1.0,0.4,2.1,5.9,7.9,5.7,0.8,0.6,1.8,2.4,6.1,,simmobe01,755826
302.0,Justin Champagnie,22.0,WAS,SF,15.0,1.0,15.7,2.1,5.2,0.41,0.9,3.0,0.289,1.3,2.2,0.576,0.494,0.8,1.0,0.8,1.3,2.3,3.5,1.3,0.7,0.6,0.7,0.9,5.9,,champju01,1800000
303.0,Nick Smith Jr.,19.0,CHO,SG,51.0,0.0,14.3,2.2,5.7,0.391,1.2,2.9,0.432,1.0,2.8,0.35,0.5,0.3,0.3,0.867,0.4,1.1,1.4,1.2,0.2,0.1,0.8,1.1,5.9,,smithni01,2587200
304.0,Ochai Agbaji,23.0,2TM,SG,78.0,28.0,21.0,2.3,5.6,0.411,0.8,2.7,0.294,1.5,2.8,0.523,0.483,0.5,0.7,0.661,0.9,1.8,2.8,1.1,0.6,0.6,0.8,1.5,5.8,,agbajoc01,4310280
305.0,Noah Clowney,19.0,BRK,PF,23.0,4.0,16.1,2.2,4.0,0.538,0.5,1.4,0.364,1.7,2.6,0.633,0.602,0.9,1.3,0.7,1.1,2.4,3.5,0.8,0.3,0.7,0.7,1.1,5.8,,clownno01,3244080
306.0,Dyson Daniels,20.0,NOP,PG,61.0,16.0,22.3,2.3,5.1,0.447,0.7,2.2,0.311,1.6,2.9,0.551,0.514,0.6,0.9,0.642,1.0,2.9,3.9,2.7,1.4,0.4,1.0,1.7,5.8,,daniedy01,6059520
308.0,Thomas Bryant,26.0,MIA,C,38.0,4.0,11.6,2.3,3.9,0.577,0.1,0.6,0.182,2.2,3.3,0.646,0.591,1.1,1.2,0.872,1.1,2.7,3.7,0.6,0.3,0.4,0.6,1.2,5.7,,bryanth01,2087519
309.0,Torrey Craig,33.0,CHI,SF,53.0,14.0,19.8,2.0,4.7,0.43,1.1,2.9,0.392,0.9,1.8,0.49,0.55,0.5,0.7,0.75,1.3,2.8,4.1,1.1,0.6,0.4,0.6,2.1,5.7,,craigto01,779820
310.0,Larry Nance Jr.,31.0,NOP,C,61.0,0.0,19.9,2.3,4.0,0.573,0.4,1.1,0.415,1.8,2.9,0.631,0.629,0.8,1.0,0.77,1.5,3.5,5.0,1.9,1.0,0.3,0.8,1.6,5.7,,nancela02,11205000
311.0,Pat Connaughton,31.0,MIL,SF,76.0,3.0,22.1,2.0,4.6,0.435,1.1,3.1,0.345,0.9,1.4,0.633,0.553,0.6,0.8,0.759,0.7,2.5,3.1,2.1,0.5,0.3,0.6,1.3,5.6,,connapa01,9423869
312.0,Craig Porter Jr.,23.0,CLE,PG,51.0,6.0,12.7,2.3,4.5,0.509,0.2,0.7,0.353,2.0,3.8,0.536,0.535,0.8,1.1,0.732,0.4,1.7,2.1,2.3,0.4,0.3,0.9,0.8,5.6,,portecr01,1891857
313.0,Mitchell Robinson,25.0,NYK,C,31.0,21.0,24.8,2.4,4.1,0.575,0.0,0.0,,2.4,4.1,0.575,0.575,0.9,2.1,0.409,4.6,3.9,8.5,0.6,1.2,1.1,0.8,1.8,5.6,,robinmi01,14318182
315.0,Doug McDermott,32.0,2TM,SF,64.0,0.0,14.1,1.9,4.4,0.433,1.5,3.6,0.41,0.5,0.9,0.527,0.599,0.2,0.3,0.579,0.2,0.8,0.9,1.1,0.3,0.0,0.4,1.0,5.5,,mcderdo01,2087519
317.0,Gary Payton II,31.0,GSW,SG,44.0,0.0,15.5,2.3,4.2,0.563,0.5,1.3,0.364,1.9,2.9,0.648,0.617,0.3,0.5,0.609,1.0,1.5,2.6,1.1,0.9,0.4,0.6,1.8,5.5,,paytoga02,9130000
318.0,Neemias Queta,24.0,BOS,C,28.0,0.0,11.9,2.4,3.7,0.644,0.0,0.0,,2.4,3.7,0.644,0.644,0.7,1.0,0.714,1.9,2.5,4.4,0.7,0.5,0.8,0.5,1.8,5.5,,quetane01,2162606
320.0,Kris Dunn,29.0,UTA,PG,66.0,32.0,18.9,2.2,4.7,0.47,0.6,1.7,0.369,1.6,3.1,0.525,0.535,0.3,0.5,0.688,0.8,2.1,2.9,3.8,1.0,0.4,1.2,2.0,5.4,,dunnkr01,5168000
321.0,Keon Ellis,24.0,SAC,SG,57.0,21.0,17.2,1.9,4.1,0.461,1.2,2.9,0.417,0.6,1.1,0.578,0.612,0.5,0.6,0.743,0.6,1.6,2.2,1.5,0.9,0.5,0.6,2.0,5.4,,elliske01,2120693
324.0,Matisse Thybulle,26.0,POR,SF,65.0,19.0,22.9,1.9,4.9,0.397,1.2,3.6,0.346,0.7,1.3,0.535,0.524,0.3,0.4,0.759,0.5,1.6,2.1,1.4,1.7,0.8,0.6,1.4,5.4,,thybuma01,11025000
326.0,Dean Wade,27.0,CLE,PF,54.0,32.0,20.5,1.8,4.3,0.414,1.5,3.7,0.391,0.3,0.6,0.567,0.584,0.4,0.5,0.769,0.7,3.4,4.0,0.8,0.7,0.5,0.4,1.7,5.4,,wadede01,6166667
328.0,Xavier Tillman Sr.,25.0,2TM,PF,54.0,15.0,18.0,2.2,5.2,0.434,0.4,1.5,0.247,1.9,3.7,0.51,0.47,0.4,0.9,0.44,1.3,2.6,3.9,1.4,0.9,0.8,0.6,1.4,5.3,,tillmxa01,2237691
329.0,Nicolas Batum,35.0,2TM,PF,60.0,38.0,25.5,1.9,4.3,0.453,1.2,3.1,0.395,0.7,1.2,0.606,0.596,0.3,0.4,0.714,1.2,3.0,4.1,2.1,0.8,0.6,0.7,1.8,5.3,,batumni01,4668000
330.0,Luke Kornet,28.0,BOS,C,63.0,7.0,15.6,2.3,3.2,0.7,0.0,0.0,1.0,2.2,3.2,0.698,0.702,0.8,0.9,0.907,1.9,2.3,4.1,1.1,0.4,1.0,0.3,1.2,5.3,,kornelu01,2087519
331.0,Davion Mitchell,25.0,SAC,PG,72.0,4.0,15.3,2.0,4.5,0.452,0.8,2.2,0.361,1.2,2.3,0.539,0.54,0.4,0.6,0.714,0.3,1.1,1.3,1.9,0.2,0.0,0.6,1.2,5.3,,mitchda01,6451077
332.0,Mason Plumlee,33.0,LAC,C,46.0,11.0,14.7,1.9,3.3,0.569,0.0,0.1,0.0,1.9,3.2,0.592,0.569,1.5,2.2,0.707,1.3,3.8,5.1,1.2,0.3,0.4,0.8,1.5,5.3,,plumlma01,2087519
335.0,Bol Bol,24.0,PHO,PF,43.0,0.0,10.9,2.2,3.5,0.616,0.5,1.2,0.423,1.7,2.3,0.717,0.689,0.3,0.4,0.789,0.7,2.4,3.2,0.4,0.2,0.6,0.4,1.0,5.2,,bolbo01,2087519
337.0,Jarred Vanderbilt,24.0,LAL,PF,29.0,6.0,20.0,2.0,3.9,0.518,0.3,0.9,0.296,1.8,3.0,0.586,0.553,0.8,1.2,0.667,1.4,3.3,4.8,1.2,1.2,0.2,1.0,1.5,5.2,,vandeja01,10714286
338.0,Seth Curry,33.0,2TM,SG,44.0,4.0,14.0,1.8,4.6,0.392,0.9,2.5,0.352,1.0,2.2,0.438,0.485,0.6,0.7,0.903,0.4,1.1,1.5,1.0,0.5,0.1,0.5,0.9,5.1,,curryse01,2087519
339.0,Drew Eubanks,26.0,PHO,C,75.0,6.0,15.6,2.0,3.4,0.601,0.0,0.0,1.0,2.0,3.3,0.596,0.607,1.0,1.2,0.774,1.4,2.9,4.3,0.8,0.4,0.8,0.8,1.5,5.1,,eubandr01,5000000
341.0,Richaun Holmes,30.0,2TM,C,40.0,10.0,13.9,2.1,3.7,0.558,0.0,0.1,0.333,2.0,3.6,0.563,0.561,0.9,1.2,0.723,1.8,2.8,4.6,0.6,0.3,0.5,0.6,1.9,5.0,,holmeri01,12648321
342.0,Monte Morris,28.0,2TM,PG,33.0,0.0,14.4,1.9,4.6,0.405,0.8,2.1,0.386,1.1,2.5,0.422,0.493,0.4,0.6,0.684,0.2,1.5,1.7,2.1,0.6,0.3,0.2,0.4,5.0,,morrimo01,2087519
343.0,Goga Bitadze,24.0,ORL,C,62.0,33.0,15.4,2.0,3.4,0.603,0.0,0.2,0.143,2.0,3.1,0.636,0.608,0.9,1.4,0.655,1.8,2.9,4.6,1.3,0.5,1.2,0.7,1.7,5.0,,bitadgo01,9057971
344.0,Jevon Carter,28.0,CHI,PG,72.0,0.0,13.9,1.9,5.1,0.378,1.1,3.3,0.329,0.8,1.8,0.466,0.484,0.1,0.1,0.571,0.2,0.7,0.8,1.3,0.5,0.2,0.5,1.0,5.0,,carteje01,6500000
349.0,Jalen Wilson,23.0,BRK,PF,43.0,3.0,15.4,1.8,4.2,0.425,0.6,1.7,0.324,1.2,2.4,0.495,0.492,0.9,1.1,0.826,1.1,2.0,3.0,1.0,0.3,0.1,0.4,1.1,5.0,,wilsoja03,1891857
350.0,Jock Landale,28.0,HOU,C,56.0,3.0,13.6,1.9,3.7,0.515,0.2,0.7,0.25,1.7,3.0,0.578,0.539,0.9,1.2,0.8,1.6,1.5,3.1,1.2,0.4,0.6,0.6,1.3,4.9,,landajo01,8000000
351.0,Garrison Mathews,27.0,ATL,SG,66.0,5.0,15.0,1.6,3.4,0.456,1.3,2.9,0.44,0.3,0.5,0.545,0.644,0.5,0.6,0.81,0.3,1.1,1.4,0.6,0.3,0.1,0.3,1.7,4.9,,mathega01,2230253
353.0,Kobe Bufkin,20.0,ATL,SG,17.0,0.0,11.5,2.0,5.4,0.37,0.5,2.4,0.225,1.5,3.1,0.481,0.418,0.2,0.5,0.5,0.4,1.6,1.9,1.6,0.4,0.3,0.6,1.2,4.8,,bufkiko01,4299000
356.0,Kenrich Williams,29.0,OKC,PF,69.0,1.0,14.9,1.9,4.1,0.468,0.8,2.0,0.397,1.1,2.0,0.54,0.568,0.1,0.2,0.5,0.9,2.1,3.0,1.3,0.6,0.1,0.5,1.5,4.7,,willike04,6669000
358.0,Anthony Black,20.0,ORL,PG,69.0,33.0,16.9,1.7,3.6,0.466,0.5,1.4,0.394,1.1,2.2,0.51,0.54,0.7,1.2,0.613,0.5,1.5,2.0,1.3,0.5,0.3,0.8,1.6,4.6,,blackan01,7607760
359.0,Josh Okogie,25.0,PHO,SG,60.0,11.0,16.0,1.4,3.4,0.417,0.5,1.6,0.309,1.0,1.9,0.509,0.488,1.3,1.7,0.745,1.2,1.3,2.6,1.1,0.8,0.4,0.6,1.1,4.6,,okogijo01,8250000
361.0,Shake Milton,27.0,3TM,SG,48.0,0.0,12.1,1.6,4.1,0.405,0.4,1.3,0.281,1.3,2.7,0.466,0.451,0.8,1.0,0.816,0.3,1.3,1.6,1.3,0.4,0.1,0.6,1.1,4.5,,miltosh01,2875000
362.0,Delon Wright,31.0,2TM,PG,47.0,1.0,15.8,1.6,4.0,0.394,0.5,1.4,0.368,1.0,2.6,0.408,0.46,0.8,1.0,0.822,0.4,1.4,1.8,2.5,1.1,0.2,0.3,0.7,4.5,,wrighde01,2087519
363.0,A.J. Green,24.0,MIL,SG,56.0,0.0,11.0,1.5,3.5,0.423,1.2,3.0,0.408,0.3,0.5,0.519,0.599,0.3,0.3,0.895,0.2,1.0,1.1,0.5,0.2,0.1,0.2,0.9,4.5,,greenaj01,2120693
364.0,Kevon Looney,27.0,GSW,C,74.0,36.0,16.1,1.9,3.1,0.597,0.0,0.0,0.0,1.9,3.1,0.599,0.597,0.8,1.1,0.675,1.9,3.7,5.7,1.8,0.4,0.4,0.7,2.1,4.5,,looneke01,8000000
366.0,Julian Strawther,21.0,DEN,SF,50.0,0.0,10.9,1.6,4.4,0.369,0.8,2.8,0.297,0.8,1.7,0.488,0.462,0.4,0.6,0.71,0.1,1.1,1.2,0.9,0.3,0.1,0.5,1.1,4.5,,strawju01,2552520
367.0,Bismack Biyombo,31.0,2TM,C,40.0,27.0,19.8,1.9,3.3,0.565,0.0,0.0,,1.9,3.3,0.565,0.565,0.7,1.4,0.481,1.6,3.7,5.2,1.3,0.3,0.9,1.1,2.2,4.4,,biyombi01,503884
371.0,Dominick Barlow,20.0,SAS,PF,33.0,1.0,12.7,1.7,3.4,0.496,0.1,0.3,0.333,1.6,3.2,0.51,0.509,0.9,1.3,0.69,1.4,2.1,3.4,1.1,0.4,0.4,0.3,1.4,4.4,,barlodo01,491887
373.0,Joe Ingles,36.0,ORL,SF,68.0,0.0,17.2,1.5,3.3,0.436,1.0,2.4,0.435,0.4,1.0,0.439,0.59,0.4,0.5,0.824,0.3,1.8,2.1,3.0,0.6,0.1,1.0,1.3,4.4,,inglejo01,2087519
374.0,Maxi Kleber,32.0,DAL,C,43.0,7.0,20.3,1.5,3.4,0.432,0.7,2.1,0.348,0.7,1.3,0.574,0.541,0.8,1.1,0.702,0.7,2.6,3.3,1.6,0.4,0.7,0.7,1.8,4.4,,klebima01,11000000
377.0,Ben Sheppard,22.0,IND,SG,57.0,1.0,14.3,1.6,4.0,0.393,0.9,2.7,0.314,0.7,1.3,0.562,0.5,0.4,0.5,0.885,0.3,1.3,1.6,0.9,0.6,0.0,0.3,1.5,4.4,,sheppbe01,2663880
378.0,Blake Wesley,20.0,SAS,SG,61.0,3.0,14.4,1.7,3.5,0.474,0.2,0.9,0.218,1.5,2.6,0.563,0.502,0.9,1.3,0.667,0.3,1.2,1.5,2.7,0.5,0.1,0.9,1.5,4.4,,weslebl01,2624280
380.0,Jaxson Hayes,23.0,LAL,C,70.0,5.0,12.5,1.8,2.5,0.72,0.0,0.1,0.0,1.8,2.4,0.754,0.72,0.7,1.2,0.622,1.0,2.0,3.0,0.5,0.5,0.4,0.6,1.8,4.3,,hayesja02,2463946
381.0,Caleb Houstan,21.0,ORL,SF,59.0,13.0,13.8,1.4,3.5,0.388,1.2,3.3,0.373,0.1,0.2,0.615,0.563,0.4,0.4,0.808,0.5,0.9,1.4,0.5,0.3,0.1,0.3,1.0,4.3,,houstca01,2019699
382.0,John Konchar,27.0,MEM,SF,55.0,23.0,21.3,1.6,3.8,0.423,0.7,2.2,0.317,0.9,1.6,0.568,0.514,0.4,0.5,0.84,1.3,3.4,4.7,2.0,0.9,0.9,0.8,1.4,4.3,,konchjo01,6165000
388.0,Max Christie,20.0,LAL,SG,67.0,7.0,14.1,1.5,3.6,0.427,0.6,1.8,0.356,0.9,1.8,0.496,0.515,0.5,0.7,0.783,0.2,1.9,2.1,0.9,0.3,0.3,0.5,0.9,4.2,,chrisma02,7142857
395.0,Patty Mills,35.0,2TM,PG,32.0,5.0,13.0,1.4,4.1,0.351,0.8,2.7,0.276,0.7,1.4,0.5,0.443,0.3,0.3,1.0,0.3,0.8,1.1,1.1,0.6,0.0,0.5,1.0,4.0,,millspa02,2087519
397.0,Ousmane Dieng,20.0,OKC,PF,33.0,0.0,11.1,1.5,3.5,0.422,0.6,2.1,0.3,0.8,1.4,0.609,0.513,0.4,0.5,0.875,0.3,1.2,1.5,1.1,0.2,0.2,0.6,0.7,4.0,,diengou01,5027040
404.0,Rayan Rupert,19.0,POR,SG,39.0,12.0,16.2,1.4,4.1,0.335,0.7,2.0,0.359,0.7,2.1,0.313,0.422,0.5,0.6,0.76,0.6,1.7,2.4,1.6,0.3,0.1,0.8,1.4,4.0,,ruperra01,1891857
406.0,Jaylin Williams,21.0,OKC,C,69.0,1.0,13.0,1.4,3.3,0.417,0.8,2.1,0.368,0.6,1.2,0.5,0.533,0.5,0.6,0.805,0.5,2.9,3.4,1.6,0.4,0.4,0.5,1.4,4.0,,willija07,2019699
409.0,DeAndre Jordan,35.0,DEN,C,36.0,2.0,11.0,1.6,2.6,0.624,0.0,0.0,,1.6,2.6,0.624,0.624,0.7,1.5,0.491,1.5,2.9,4.4,0.7,0.2,0.4,0.6,1.6,3.9,,jordade01,2087519
421.0,Jarace Walker,20.0,IND,PF,33.0,0.0,10.3,1.4,3.3,0.409,0.7,1.7,0.4,0.7,1.7,0.418,0.509,0.2,0.3,0.889,0.4,1.5,1.9,1.2,0.5,0.3,0.5,0.9,3.6,,walkeja02,6362520
425.0,Jordan McLaughlin,27.0,MIN,PG,56.0,0.0,11.2,1.3,2.6,0.483,0.8,1.6,0.472,0.5,1.0,0.5,0.628,0.2,0.3,0.722,0.3,1.0,1.3,2.0,0.6,0.1,0.3,0.6,3.5,,mclaujo01,2087519
434.0,Jaden Springer,21.0,2TM,SG,49.0,2.0,10.3,1.2,3.0,0.399,0.2,1.0,0.208,1.0,2.0,0.49,0.432,0.7,0.9,0.833,0.7,0.9,1.6,0.9,0.7,0.3,0.7,1.3,3.3,,sprinja01,634437
435.0,Charles Bassey,23.0,SAS,C,19.0,0.0,10.8,1.5,2.1,0.725,0.0,0.1,0.0,1.5,2.1,0.744,0.725,0.3,0.3,0.833,1.2,2.8,4.0,1.1,0.4,0.9,0.8,1.6,3.3,,bassech01,2087519
437.0,Dwight Powell,32.0,DAL,C,63.0,9.0,13.3,1.1,1.7,0.679,0.0,0.0,0.333,1.1,1.6,0.689,0.684,1.0,1.4,0.708,1.5,1.9,3.4,1.3,0.4,0.3,0.5,1.8,3.3,,poweldw01,4000000
439.0,Garrett Temple,37.0,TOR,SG,27.0,2.0,10.7,1.1,2.9,0.372,0.4,1.5,0.3,0.6,1.4,0.447,0.449,0.7,0.8,0.818,0.7,1.0,1.7,1.0,0.4,0.1,0.5,1.0,3.3,,templga01,2087519
440.0,Tristan Thompson,32.0,CLE,C,49.0,0.0,11.2,1.5,2.4,0.608,0.0,0.0,0.0,1.5,2.4,0.613,0.608,0.3,1.1,0.288,1.5,2.1,3.6,1.0,0.2,0.3,0.6,1.2,3.3,,thomptr01,2087519
450.0,Dalen Terry,21.0,CHI,SG,59.0,2.0,11.5,1.2,2.7,0.439,0.3,1.3,0.23,0.9,1.4,0.627,0.494,0.4,0.7,0.581,0.5,1.4,1.9,1.4,0.5,0.3,0.5,1.4,3.1,,terryda01,3510480
451.0,Gabe Vincent,27.0,LAL,PG,11.0,0.0,19.8,1.4,4.5,0.306,0.3,2.5,0.107,1.1,1.9,0.571,0.337,0.1,0.2,0.5,0.4,0.5,0.8,1.9,0.8,0.0,0.5,1.7,3.1,,vincega01,11000000
479.0,Cory Joseph,32.0,GSW,PG,26.0,0.0,11.4,0.9,2.5,0.359,0.5,1.6,0.31,0.4,0.8,0.455,0.461,0.2,0.3,0.571,0.2,0.9,1.2,1.6,0.2,0.1,0.5,1.0,2.4,,josepco01,3303771
492.0,Andre Jackson Jr.,22.0,MIL,SG,57.0,8.0,10.0,0.9,1.8,0.5,0.3,0.8,0.37,0.6,0.9,0.611,0.585,0.1,0.2,0.727,0.8,1.2,2.0,0.9,0.3,0.1,0.5,1.6,2.2,,jacksan01,1891857
504.0,Jericho Sims,25.0,NYK,C,45.0,11.0,13.0,0.8,1.2,0.691,0.0,0.0,,0.8,1.2,0.691,0.691,0.4,0.5,0.667,1.2,2.0,3.3,0.6,0.2,0.4,0.4,1.0,2.0,,simsje01,2092344
510.0,Taj Gibson,38.0,2TM,PF,20.0,1.0,10.2,0.8,1.9,0.405,0.1,0.5,0.2,0.7,1.4,0.481,0.432,0.1,0.1,1.0,0.6,1.3,1.9,0.6,0.2,0.4,0.3,1.6,1.7,,gibsota01,2087519
511.0,P.J. Tucker,38.0,2TM,PF,31.0,10.0,15.7,0.6,1.6,0.36,0.4,1.1,0.371,0.2,0.5,0.333,0.49,0.1,0.1,1.0,0.9,1.8,2.7,0.5,0.5,0.2,0.3,1.7,1.7,,tuckepj01,246833
